dataset,id,gold,temperature,y_correct,marker_hit,refusal_detected,format_violation,choice_margin,answer_entropy,logit_A,logit_B,logit_C,logit_D
mmlu,0,A,0.6,1,0,0,0,0.36345380544662476,0.9513083696365356,23.375,21.5,20.0,22.5
mmlu,1,D,0.6,0,0,0,0,0.37654584646224976,0.8969323635101318,21.875,18.625,19.5,21.0
mmlu,2,A,0.6,0,0,0,0,0.1708577573299408,0.9321200847625732,22.125,21.75,18.375,20.0
mmlu,3,C,0.6,0,0,0,0,0.8618147373199463,0.4282246232032776,21.25,18.0,18.125,17.625
mmlu,4,C,0.6,1,0,0,0,0.49422213435173035,0.6976748108863831,21.25,18.375,22.375,18.625
mmlu,5,B,0.6,0,0,0,0,0.22837519645690918,0.9100936055183411,21.5,19.375,22.0,18.875
mmlu,6,B,0.6,0,0,0,0,0.5783700346946716,0.9366652965545654,22.0,19.875,20.25,20.0
mmlu,7,A,0.6,1,0,0,0,0.8494518399238586,0.3428558111190796,20.75,18.125,15.5,16.5
mmlu,8,B,0.6,0,0,0,0,0.7881688475608826,0.5093795657157898,22.5,20.125,18.75,19.125
mmlu,9,A,0.6,1,0,0,0,0.8812510371208191,0.34554314613342285,24.375,21.25,19.375,21.0
mmlu,10,D,0.6,0,0,0,0,0.23211699724197388,0.8581746816635132,22.0,17.875,19.375,21.5
mmlu,11,D,0.6,0,0,0,0,0.5859488248825073,0.7621259689331055,23.0,19.75,20.25,21.5
mmlu,12,C,0.6,0,0,0,0,0.6306387186050415,0.78157639503479,21.75,19.125,19.0,20.0
mmlu,13,D,0.6,1,0,0,0,0.3440907895565033,0.7805403470993042,22.875,17.5,20.0,22.125
mmlu,14,D,0.6,0,0,0,0,0.7429008483886719,0.6685020923614502,22.0,19.25,19.625,19.25
mmlu,15,B,0.6,1,0,0,0,0.22204020619392395,0.9556673765182495,20.75,21.25,17.75,19.25
mmlu,16,A,0.6,1,0,0,0,0.7202641367912292,0.48892924189567566,19.5,16.25,21.375,17.25
mmlu,17,A,0.6,1,0,0,0,0.9587171673774719,0.1514231562614441,23.0,18.5,17.125,18.75
mmlu,18,D,0.6,0,0,0,0,0.0,0.9805742502212524,21.625,19.75,18.5,21.625
mmlu,19,B,0.6,0,0,0,0,0.6201177835464478,0.7305567860603333,21.0,18.25,19.375,17.625
mmlu,20,D,0.6,1,0,0,0,0.9388454556465149,0.15196849405765533,19.875,15.9375,17.25,23.375
mmlu,21,D,0.6,0,0,0,0,0.49156850576400757,0.7098518013954163,19.75,18.625,15.1875,16.5
mmlu,22,A,0.6,0,0,0,0,0.6368849277496338,0.6521620750427246,20.125,17.5,21.75,18.75
mmlu,23,D,0.6,0,0,0,0,0.828187882900238,0.30574744939804077,24.0,17.5,16.625,21.625
mmlu,24,D,0.6,0,0,0,0,0.2618902325630188,0.9882497191429138,20.0,16.5,19.125,20.625
mmlu,25,D,0.6,0,0,0,0,0.09121841192245483,1.2376011610031128,20.75,21.5,21.25,19.75
mmlu,26,D,0.6,0,0,0,0,0.3010566234588623,0.6805917620658875,22.75,17.5,17.0,22.125
mmlu,27,A,0.6,1,0,0,0,0.43226271867752075,0.9871339201927185,22.75,20.0,21.625,21.0
mmlu,28,A,0.6,1,0,0,0,0.770876944065094,0.5544629096984863,21.5,17.0,19.125,18.875
mmlu,29,A,0.6,0,0,0,0,0.4918367862701416,0.9018208980560303,21.5,19.0,20.25,19.0
mmlu,30,D,0.6,0,0,0,0,0.21536830067634583,0.992064356803894,22.125,18.375,20.5,21.625
mmlu,31,D,0.6,0,0,0,0,0.08939880132675171,1.2630964517593384,19.75,19.5,19.0,18.25
mmlu,32,B,0.6,0,0,0,0,0.7944635152816772,0.5276548862457275,21.375,18.875,17.625,18.375
mmlu,33,B,0.6,0,0,0,0,0.05649763345718384,0.9895787239074707,22.125,22.0,19.0,20.25
mmlu,34,A,0.6,1,0,0,0,0.9189187288284302,0.258407324552536,22.0,17.625,17.625,18.5
mmlu,35,A,0.6,1,0,0,0,0.551611065864563,0.7535338997840881,21.5,20.125,16.75,19.125
mmlu,36,A,0.6,1,0,0,0,0.8685206770896912,0.3805333077907562,23.75,19.875,20.75,20.0
mmlu,37,C,0.6,0,0,0,0,0.6616102457046509,0.6465125679969788,21.625,17.125,19.875,18.875
mmlu,38,A,0.6,1,0,0,0,0.39532017707824707,0.97178715467453,21.875,18.5,20.25,20.875
mmlu,40,C,0.6,0,0,0,0,0.8529191017150879,0.406727135181427,22.375,19.125,17.875,19.5
mmlu,41,C,0.6,1,0,0,0,0.9531599879264832,0.13969160616397858,18.625,15.1875,22.5,17.375
mmlu,42,B,0.6,0,0,0,0,0.883787214756012,0.314270555973053,22.625,18.125,18.375,19.625
mmlu,43,B,0.6,0,0,0,0,0.2077902853488922,1.068219780921936,22.125,20.625,19.375,21.625
mmlu,44,A,0.6,1,0,0,0,0.660869836807251,0.6632925271987915,22.375,18.75,19.375,20.625
mmlu,45,D,0.6,0,0,0,0,0.6922577023506165,0.6994125843048096,22.375,19.375,19.625,20.375
mmlu,46,D,0.6,0,0,0,0,0.16986465454101562,0.937102198600769,21.75,17.75,19.75,21.375
mmlu,47,C,0.6,0,0,0,0,0.6808871626853943,0.5717060565948486,19.625,17.25,21.375,17.625
mmlu,48,D,0.6,0,0,0,0,0.671602725982666,0.683032751083374,22.375,18.125,20.5,20.0
mmlu,49,A,0.6,1,0,0,0,0.9170971512794495,0.266150563955307,24.375,19.875,20.25,20.875
mmlu,50,A,0.6,1,0,0,0,0.9516555070877075,0.15039919316768646,21.375,15.5625,17.5,16.125
mmlu,51,D,0.6,1,0,0,0,0.058502376079559326,0.9228509664535522,22.25,19.25,19.875,22.375
mmlu,52,D,0.6,0,0,0,0,0.0,1.2730451822280884,20.375,20.375,19.625,19.125
mmlu,53,B,0.6,1,0,0,0,0.3241882026195526,0.9422298073768616,21.0,20.25,18.0,18.75
mmlu,54,D,0.6,0,0,0,0,0.5007321238517761,0.6485235691070557,22.0,17.75,17.375,20.875
mmlu,55,C,0.6,0,0,0,0,0.7463521957397461,0.559643566608429,23.875,21.75,20.375,20.375
mmlu,56,C,0.6,0,0,0,0,0.8080620765686035,0.42056748270988464,21.875,17.125,18.0,19.5
mmlu,57,D,0.6,0,0,0,0,0.7923160791397095,0.5365861654281616,24.375,20.75,21.375,21.875
mmlu,58,B,0.6,1,0,0,0,0.4275919497013092,1.0203657150268555,21.5,22.625,20.625,20.5
mmlu,59,C,0.6,0,0,0,0,0.580333948135376,0.6300347447395325,19.875,21.25,16.75,17.5
mmlu,60,C,0.6,0,0,0,0,0.35158219933509827,1.1262911558151245,19.875,20.0,21.0,18.75
mmlu,61,C,0.6,1,0,0,0,0.18395808339118958,0.7173437476158142,19.5,13.0,19.125,15.0
mmlu,62,B,0.6,1,0,0,0,0.5104232430458069,0.7825896739959717,19.375,18.125,14.25,17.125
mmlu,63,A,0.6,0,0,0,0,0.267208993434906,0.9814107418060303,21.75,18.25,20.0,21.125
mmlu,64,D,0.6,0,0,0,0,0.3434179425239563,0.7967098951339722,21.125,16.875,18.125,20.375
mmlu,65,C,0.6,0,0,0,0,0.6584538221359253,0.8039633631706238,20.875,18.625,18.875,18.25
mmlu,66,C,0.6,0,0,0,0,0.9791626334190369,0.09414798766374588,23.25,18.125,17.875,17.875
mmlu,67,D,0.6,0,0,0,0,0.82747483253479,0.4434593915939331,25.625,22.125,23.0,21.625
mmlu,68,A,0.6,1,0,0,0,0.7722476124763489,0.5128989219665527,22.625,19.375,18.375,20.375
mmlu,69,C,0.6,0,0,0,0,0.5798681378364563,0.8200564384460449,21.375,19.75,17.125,19.625
mmlu,70,D,0.6,0,0,0,0,0.17916181683540344,0.8038023710250854,21.625,22.0,15.625,19.125
mmlu,71,D,0.6,0,0,0,0,0.5642653703689575,0.8126575350761414,22.125,18.125,20.625,20.125
mmlu,72,C,0.6,0,0,0,0,0.7463418841362,0.656106173992157,23.875,20.875,21.5,21.25
mmlu,73,C,0.6,0,0,0,0,0.2421092391014099,0.7223965525627136,21.25,15.25,20.75,17.125
mmlu,74,B,0.6,0,0,0,0,0.04776039719581604,1.1854959726333618,22.625,20.375,22.5,21.875
mmlu,75,D,0.6,1,0,0,0,0.11415311694145203,0.925344705581665,19.125,15.8125,21.0,20.75
mmlu,76,B,0.6,0,0,0,0,0.7070243954658508,0.6982901692390442,19.375,17.25,16.875,16.25
mmlu,77,A,0.6,1,0,0,0,0.9468171000480652,0.15824292600154877,24.125,18.75,18.375,20.375
mmlu,78,B,0.6,1,0,0,0,0.3632560074329376,1.1110094785690308,20.125,19.125,18.75,18.0
mmlu,79,D,0.6,0,0,0,0,0.3033849596977234,1.0589832067489624,21.0,18.625,20.25,19.25
mmlu,80,C,0.6,0,0,0,0,0.2575281262397766,1.0584100484848022,19.75,17.125,19.125,18.125
mmlu,81,B,0.6,0,0,0,0,0.2730521261692047,1.171160340309143,21.625,19.625,20.875,20.5
mmlu,82,B,0.6,0,0,0,0,0.9534100294113159,0.16949860751628876,23.0,18.875,17.875,18.375
mmlu,83,C,0.6,1,0,0,0,0.6188720464706421,0.5969930291175842,20.25,17.0,21.75,18.0
mmlu,84,C,0.6,0,0,0,0,0.059325724840164185,0.8861839175224304,21.25,17.875,21.125,18.5
mmlu,85,B,0.6,0,0,0,0,0.44374001026153564,0.9177269339561462,21.625,19.875,17.875,20.5
mmlu,86,B,0.6,0,0,0,0,0.7431685328483582,0.4812501072883606,21.375,17.625,16.0,19.375
mmlu,87,D,0.6,0,0,0,0,0.0,1.0240776538848877,21.625,18.125,21.625,20.25
mmlu,88,B,0.6,1,0,0,0,0.38753509521484375,0.8335159420967102,21.0,21.875,18.75,18.75
mmlu,89,A,0.6,1,0,0,0,0.915894627571106,0.24710392951965332,20.625,17.25,15.125,16.5
mmlu,90,A,0.6,1,0,0,0,0.9876956343650818,0.05528078228235245,23.75,18.125,16.375,18.25
mmlu,91,D,0.6,1,0,0,0,0.5074039101600647,0.807314932346344,21.75,18.75,20.75,23.0
mmlu,92,C,0.6,1,0,0,0,0.2705606520175934,0.9367074966430664,21.5,17.375,22.125,20.375
mmlu,93,C,0.6,0,0,0,0,0.181606262922287,0.7733649015426636,21.25,16.75,17.5,20.875
mmlu,94,D,0.6,0,0,0,0,0.05566561222076416,0.9709700345993042,22.0,22.125,16.875,20.625
mmlu,95,A,0.6,0,0,0,0,0.41421017050743103,0.9126465916633606,21.125,18.875,22.125,20.0
mmlu,96,A,0.6,1,0,0,0,0.0,1.0424715280532837,21.25,21.25,17.375,20.125
mmlu,97,C,0.6,1,0,0,0,0.8041772842407227,0.43195605278015137,18.625,19.75,22.125,16.75
mmlu,98,B,0.6,0,0,0,0,0.39629077911376953,1.0871750116348267,21.0,19.75,19.875,18.625
mmlu,99,B,0.6,0,0,0,0,0.4968162178993225,0.8616417646408081,22.25,20.125,18.75,21.0
mmlu,100,B,0.6,0,0,0,0,0.8683375716209412,0.4019412100315094,21.875,17.875,18.75,18.625
mmlu,101,D,0.6,1,0,0,0,0.44124916195869446,0.7682498693466187,21.125,18.25,19.0,22.125
mmlu,102,A,0.6,1,0,0,0,0.8134329319000244,0.45544111728668213,23.0,19.5,18.875,20.5
mmlu,103,A,0.6,1,0,0,0,0.8483575582504272,0.38735097646713257,21.375,18.0,16.125,18.625
mmlu,104,A,0.6,1,0,0,0,0.55717533826828,0.9866710901260376,21.75,20.0,20.0,19.75
mmlu,105,D,0.6,0,0,0,0,0.6130834817886353,0.6220932602882385,22.0,18.75,16.75,20.5
mmlu,106,A,0.6,1,0,0,0,0.7834647297859192,0.4646499752998352,23.625,20.0,19.0,21.375
mmlu,107,A,0.6,1,0,0,0,0.9166293740272522,0.217683345079422,24.25,18.875,19.0,21.0
mmlu,108,A,0.6,1,0,0,0,0.7819892168045044,0.6051602363586426,23.5,20.75,20.875,20.5
mmlu,110,B,0.6,0,0,0,0,0.8072723150253296,0.4812154173851013,21.75,18.375,17.875,19.25
mmlu,111,C,0.6,1,0,0,0,0.6154886484146118,0.6197845339775085,20.25,17.75,21.75,17.875
mmlu,112,A,0.6,1,0,0,0,0.7125434875488281,0.6248677372932434,22.125,18.75,20.125,19.0
mmlu,113,C,0.6,1,0,0,0,0.7963681817054749,0.5194393396377563,19.5,18.125,22.0,19.0
mmlu,114,C,0.6,0,0,0,0,0.8410441279411316,0.3857557475566864,21.75,17.5,19.125,17.625
mmlu,115,A,0.6,1,0,0,0,0.11510178446769714,0.9147725105285645,23.25,23.0,18.375,21.25
mmlu,116,C,0.6,1,0,0,0,0.2835295498371124,1.1021902561187744,21.25,18.5,20.125,20.5
mmlu,117,B,0.6,0,0,0,0,0.0,1.1586554050445557,20.25,19.125,20.25,18.25
mmlu,118,B,0.6,0,0,0,0,0.7077980041503906,0.556007981300354,22.75,18.625,19.125,20.875
mmlu,119,D,0.6,0,0,0,0,0.17026373744010925,0.9521397352218628,22.25,20.375,19.5,22.625
mmlu,120,D,0.6,1,0,0,0,0.8468943238258362,0.34963756799697876,17.75,15.4375,19.0,21.625
mmlu,121,B,0.6,1,0,0,0,0.7521564960479736,0.639397144317627,20.875,18.0,18.5,18.0
mmlu,122,D,0.6,0,0,0,0,0.0,1.1568620204925537,20.875,18.375,20.125,20.875
mmlu,123,C,0.6,0,0,0,0,0.3278615176677704,0.9185366034507751,20.5,17.375,19.75,18.125
mmlu,124,D,0.6,0,0,0,0,0.30117562413215637,1.0465580224990845,20.625,17.75,19.875,19.125
mmlu,125,B,0.6,0,0,0,0,0.5378322005271912,0.8424150347709656,22.0,19.25,19.375,20.625
mmlu,126,C,0.6,0,0,0,0,0.9289902448654175,0.23904693126678467,21.75,16.25,18.0,18.0
mmlu,127,D,0.6,0,0,0,0,0.726164698600769,0.625216007232666,23.75,19.875,21.125,21.625
mmlu,128,D,0.6,0,0,0,0,0.22585564851760864,0.925977885723114,21.125,18.125,21.625,19.375
mmlu,129,B,0.6,1,0,0,0,0.05377310514450073,1.0265779495239258,20.625,20.5,16.5,19.375
mmlu,130,A,0.6,1,0,0,0,0.7230920195579529,0.684938907623291,21.625,18.375,19.375,19.25
mmlu,131,D,0.6,0,0,0,0,0.40936946868896484,0.8792790770530701,21.25,16.25,22.25,20.5
mmlu,132,A,0.6,1,0,0,0,0.9748832583427429,0.10158891975879669,23.5,18.75,17.875,18.125
mmlu,133,B,0.6,0,0,0,0,0.7978253960609436,0.5193343758583069,22.0,18.625,18.625,19.5
mmlu,134,B,0.6,0,0,0,0,0.11005321145057678,1.011627197265625,22.0,18.875,20.625,22.25
mmlu,135,A,0.6,1,0,0,0,0.5523461103439331,0.8845012187957764,20.125,17.375,18.625,18.0
mmlu,136,D,0.6,1,0,0,0,0.7861204147338867,0.4493267238140106,19.25,16.375,17.875,21.5
mmlu,137,A,0.6,1,0,0,0,0.743644118309021,0.5672057867050171,20.75,18.625,17.625,16.875
mmlu,138,A,0.6,1,0,0,0,0.16169217228889465,1.0355308055877686,19.75,16.75,19.375,18.125
mmlu,139,B,0.6,0,0,0,0,0.5846697092056274,0.7569311857223511,18.875,17.625,21.375,19.875
mmlu,140,B,0.6,0,0,0,0,0.10496661067008972,1.1091729402542114,20.375,19.125,20.625,18.375
mmlu,141,B,0.6,0,0,0,0,0.5605844855308533,0.739502489566803,21.375,17.875,20.0,18.375
mmlu,142,C,0.6,0,0,0,0,0.8965858817100525,0.31171083450317383,21.125,16.5,17.375,17.875
mmlu,143,D,0.6,0,0,0,0,0.08718270063400269,1.2715659141540527,21.375,21.75,22.0,20.5
mmlu,144,C,0.6,0,0,0,0,0.8725013732910156,0.3271940350532532,21.5,16.5,17.5,18.625
mmlu,145,C,0.6,1,0,0,0,0.7847064137458801,0.53243088722229,18.25,18.25,20.75,15.5625
mmlu,146,D,0.6,1,0,0,0,0.08559513092041016,1.137499213218689,21.375,18.0,21.375,21.625
mmlu,147,B,0.6,1,0,0,0,0.8314393162727356,0.36956241726875305,21.25,23.75,18.125,19.75
mmlu,148,B,0.6,1,0,0,0,0.16541767120361328,1.0042530298233032,20.875,21.25,18.25,19.375
mmlu,149,D,0.6,0,0,0,0,0.8765226602554321,0.3367300033569336,23.375,19.875,17.875,20.375
mmlu,150,C,0.6,0,0,0,0,0.7053234577178955,0.64668208360672,22.375,20.375,19.625,18.75
mmlu,151,B,0.6,0,0,0,0,0.23746266961097717,1.1636923551559448,22.375,21.75,20.375,21.125
mmlu,152,A,0.6,0,0,0,0,0.056639283895492554,0.9648347496986389,21.125,17.125,21.0,19.375
mmlu,153,D,0.6,0,0,0,0,0.6442267894744873,0.7212667465209961,21.0,19.25,17.375,18.5
mmlu,154,B,0.6,1,0,0,0,0.1551283895969391,1.1125589609146118,23.25,22.875,21.75,21.0
mmlu,155,B,0.6,0,0,0,0,0.15347343683242798,1.1364046335220337,22.25,20.375,21.875,20.625
mmlu,156,B,0.6,0,0,0,0,0.5733182430267334,0.6713817119598389,24.875,21.5,20.75,23.5
mmlu,157,B,0.6,0,0,0,0,0.6017507314682007,0.8636794090270996,22.375,20.375,19.625,20.625
mmlu,158,D,0.6,0,0,0,0,0.628012478351593,0.5387682914733887,21.75,16.5,17.0,20.25
mmlu,159,D,0.6,0,0,0,0,0.8303637504577637,0.490899920463562,22.75,19.0,19.875,19.875
mmlu,160,B,0.6,0,0,0,0,0.6578171849250793,0.7200578451156616,24.5,22.375,20.25,22.625
mmlu,161,A,0.6,1,0,0,0,0.703718900680542,0.7103744745254517,24.0,21.875,21.5,21.0
mmlu,162,A,0.6,0,0,0,0,0.0546707808971405,1.0607340335845947,21.375,19.625,19.0,21.25
mmlu,163,D,0.6,0,0,0,0,0.17620134353637695,0.8676254153251648,21.625,18.25,22.0,19.25
mmlu,164,B,0.6,0,0,0,0,0.8984202146530151,0.27794021368026733,22.375,18.0,17.5,19.25
mmlu,165,C,0.6,1,0,0,0,0.576859712600708,0.6400503516197205,21.875,17.625,23.25,20.0
mmlu,166,A,0.6,1,0,0,0,0.969080924987793,0.12586340308189392,24.75,19.5,20.125,19.75
mmlu,167,B,0.6,0,0,0,0,0.6594531536102295,0.7946268320083618,22.0,19.875,19.125,20.0
mmlu,168,C,0.6,0,0,0,0,0.2904702126979828,0.8151494860649109,20.0,19.375,16.125,16.875
mmlu,169,B,0.6,0,0,0,0,0.4513380527496338,0.8882249593734741,21.25,17.25,19.375,20.125
mmlu,170,D,0.6,0,0,0,0,0.1711694896221161,0.9367232322692871,23.75,23.375,20.375,21.5
mmlu,171,C,0.6,0,0,0,0,0.24647662043571472,1.1338348388671875,19.875,18.0,18.25,19.25
mmlu,172,B,0.6,0,0,0,0,0.7815679311752319,0.5334996581077576,21.625,19.25,18.5,17.875
mmlu,173,D,0.6,0,0,0,0,0.5342029333114624,0.904088020324707,22.5,19.125,20.875,21.0
mmlu,174,B,0.6,0,0,0,0,0.9388716816902161,0.20006009936332703,22.625,18.0,17.625,18.875
mmlu,175,A,0.6,1,0,0,0,0.8377015590667725,0.391560435295105,23.25,20.625,17.875,19.75
mmlu,176,C,0.6,0,0,0,0,0.20539838075637817,1.1084052324295044,21.375,19.875,21.875,20.125
mmlu,177,B,0.6,1,0,0,0,0.7535418272018433,0.42525991797447205,20.0,22.0,15.9375,17.375
mmlu,178,D,0.6,0,0,0,0,0.47896939516067505,0.932244598865509,21.875,20.0,18.875,20.625
mmlu,179,B,0.6,0,0,0,0,0.7944635152816772,0.5276549458503723,21.625,17.875,18.625,19.125
mmlu,180,B,0.6,0,0,0,0,0.6958552002906799,0.7370731234550476,21.5,19.375,18.75,19.0
mmlu,181,B,0.6,0,0,0,0,0.5038068294525146,0.9429332613945007,21.375,18.5,19.625,20.0
mmlu,182,A,0.6,1,0,0,0,0.7928744554519653,0.4198460280895233,21.875,19.625,16.875,17.75
mmlu,183,A,0.6,1,0,0,0,0.2758512496948242,1.0705618858337402,20.375,16.625,19.625,19.5
mmlu,184,C,0.6,1,0,0,0,0.05809265375137329,0.9241978526115417,20.25,16.375,20.125,18.125
mmlu,185,B,0.6,0,0,0,0,0.4563656449317932,0.8999232649803162,20.875,19.75,22.0,19.0
mmlu,186,A,0.6,1,0,0,0,0.7240473031997681,0.4634607434272766,23.375,19.125,17.0,21.5
mmlu,187,D,0.6,0,0,0,0,0.6672308444976807,0.48101264238357544,23.0,17.875,15.8125,21.375
mmlu,188,A,0.6,1,0,0,0,0.6381931900978088,0.7489710450172424,21.125,17.875,18.625,19.375
mmlu,189,D,0.6,0,0,0,0,0.0,0.7964624166488647,20.75,20.75,16.25,17.375
mmlu,190,D,0.6,0,0,0,0,0.5497749447822571,0.5803576707839966,21.625,15.6875,16.875,20.375
mmlu,191,B,0.6,0,0,0,0,0.3495246469974518,0.7345280647277832,20.75,15.6875,21.5,18.125
mmlu,192,B,0.6,0,0,0,0,0.7827235460281372,0.5710989832878113,22.125,18.75,19.625,19.25
mmlu,193,C,0.6,1,0,0,0,0.6806162595748901,0.5646175742149353,20.625,17.25,22.375,19.0
mmlu,194,B,0.6,0,0,0,0,0.26662585139274597,1.0119377374649048,21.625,21.0,19.0,19.625
mmlu,195,A,0.6,1,0,0,0,0.8073632717132568,0.5183886289596558,22.75,20.125,19.125,19.75
mmlu,196,B,0.6,0,0,0,0,0.6802201867103577,0.78337162733078,21.75,19.375,19.25,19.625
mmlu,197,D,0.6,1,0,0,0,0.3107086718082428,1.019469976425171,21.375,19.5,18.75,20.625
mmlu,198,A,0.6,1,0,0,0,0.5630558729171753,0.7280101776123047,21.25,17.75,19.875,18.125
mmlu,199,D,0.6,0,0,0,0,0.40814435482025146,0.6547569632530212,22.5,17.375,17.375,21.625
mmlu,200,D,0.6,1,0,0,0,0.0543496310710907,1.027536392211914,21.375,21.5,17.875,20.125
mmlu,201,B,0.6,0,0,0,0,0.8045654892921448,0.42948251962661743,23.875,20.375,18.375,21.5
mmlu,202,D,0.6,0,0,0,0,0.4973200559616089,0.6732816696166992,21.875,17.25,18.125,20.75
mmlu,203,B,0.6,0,0,0,0,0.061156660318374634,0.786837637424469,21.25,21.375,16.625,17.875
mmlu,204,C,0.6,1,0,0,0,0.5169907808303833,0.9606515169143677,19.625,19.625,21.125,18.25
mmlu,205,C,0.6,0,0,0,0,0.2156892716884613,1.0093737840652466,20.375,19.875,17.25,18.625
mmlu,206,D,0.6,0,0,0,0,0.5741172432899475,0.6552133560180664,22.25,16.875,19.125,20.875
mmlu,207,B,0.6,0,0,0,0,0.2969764471054077,0.734434962272644,20.625,15.4375,21.25,17.625
mmlu,208,A,0.6,1,0,0,0,0.6975431442260742,0.7049515247344971,23.25,19.5,21.125,21.125
mmlu,209,C,0.6,0,0,0,0,0.23896858096122742,0.7745832204818726,22.125,19.125,22.625,18.0
mmlu,210,B,0.6,1,0,0,0,0.6298219561576843,0.6793888807296753,20.625,22.25,18.0,19.5
mmlu,211,A,0.6,1,0,0,0,0.8414163589477539,0.4104234278202057,22.25,16.875,19.125,19.5
mmlu,212,B,0.6,0,0,0,0,0.7746612429618835,0.5839231014251709,23.0,19.125,20.5,20.5
mmlu,213,A,0.6,1,0,0,0,0.7475000023841858,0.6540205478668213,20.5,17.75,18.125,17.625
mmlu,214,D,0.6,0,0,0,0,0.5205222368240356,0.9664981365203857,20.5,19.375,22.0,20.375
mmlu,215,D,0.6,0,0,0,0,0.4273366928100586,0.8390789031982422,20.875,17.875,21.875,19.5
mmlu,216,D,0.6,0,0,0,0,0.663926362991333,0.6421146392822266,21.875,20.125,17.625,19.0
mmlu,217,D,0.6,0,0,0,0,0.3317711055278778,0.870467483997345,21.0,20.25,16.625,18.75
mmlu,218,B,0.6,0,0,0,0,0.7515302896499634,0.5152261257171631,21.375,19.25,15.375,18.375
mmlu,219,C,0.6,0,0,0,0,0.32639676332473755,0.9240996837615967,20.0,19.25,16.75,17.75
mmlu,220,B,0.6,0,0,0,0,0.5486699938774109,0.9582682847976685,23.375,21.0,21.75,21.625
mmlu,221,D,0.6,0,0,0,0,0.29785239696502686,1.0050504207611084,20.0,16.875,21.25,20.5
mmlu,222,C,0.6,0,0,0,0,0.6802201867103577,0.78337162733078,23.875,21.5,21.375,21.75
mmlu,223,C,0.6,1,0,0,0,0.2996358573436737,0.7034794688224792,22.125,17.0,17.5,21.5
mmlu,224,A,0.6,0,0,0,0,0.23716339468955994,0.8028149604797363,20.125,16.125,19.625,16.75
mmlu,225,D,0.6,1,0,0,0,0.16799771785736084,0.9729026556015015,18.125,16.125,14.875,17.75
mmlu,226,B,0.6,0,0,0,0,0.9017986059188843,0.28381526470184326,22.5,19.25,16.875,18.75
mmlu,227,D,0.6,1,0,0,0,0.0,1.187254786491394,22.125,19.75,21.625,22.125
mmlu,228,D,0.6,1,0,0,0,0.42798227071762085,0.9931687712669373,21.625,18.75,20.5,20.0
mmlu,229,C,0.6,1,0,0,0,0.6494362950325012,0.5963565111160278,19.75,17.25,21.375,17.625
mmlu,230,C,0.6,0,0,0,0,0.5195968151092529,0.8970977663993835,22.5,21.125,19.5,20.5
mmlu,231,C,0.6,0,0,0,0,0.49167323112487793,0.992729902267456,17.625,15.25,15.875,16.25
mmlu,232,B,0.6,1,0,0,0,0.9230719804763794,0.24375838041305542,19.375,23.0,16.25,19.375
mmlu,233,A,0.6,1,0,0,0,0.882542073726654,0.3683529496192932,23.625,19.5,20.375,20.25
mmlu,234,C,0.6,0,0,0,0,0.5417771935462952,0.9245964288711548,21.625,19.375,20.125,19.375
mmlu,235,C,0.6,0,0,0,0,0.4348658323287964,0.9919045567512512,22.375,21.25,20.375,20.0
mmlu,236,A,0.6,1,0,0,0,0.7052904963493347,0.651013195514679,21.75,18.875,19.75,18.375
mmlu,237,A,0.6,1,0,0,0,0.4166319966316223,0.9061484336853027,22.0,19.75,18.875,21.0
mmlu,238,C,0.6,1,0,0,0,0.27974674105644226,0.9151390790939331,24.0,20.875,23.375,21.5
mmlu,239,C,0.6,1,0,0,0,0.6147350072860718,0.7109415531158447,21.5,17.625,23.125,20.875
mmlu,240,C,0.6,1,0,0,0,0.40920519828796387,0.9162426590919495,23.5,19.75,22.5,21.625
mmlu,241,B,0.6,0,0,0,0,0.37603098154067993,1.008758544921875,22.0,22.25,23.25,19.625
mmlu,242,B,0.6,0,0,0,0,0.8517802357673645,0.41224318742752075,22.75,18.375,19.5,19.875
mmlu,243,D,0.6,0,0,0,0,0.5931465029716492,0.7299081087112427,22.625,19.125,19.75,21.125
mmlu,244,D,0.6,0,0,0,0,0.624721109867096,0.6998591423034668,23.75,19.625,21.125,22.125
mmlu,245,A,0.6,1,0,0,0,0.9542379975318909,0.17558591067790985,24.0,19.5,19.75,19.125
mmlu,246,D,0.6,0,0,0,0,0.8475841879844666,0.43470221757888794,22.875,19.375,19.25,20.0
mmlu,247,C,0.6,0,0,0,0,0.6121902465820312,0.8333786725997925,22.75,21.0,19.875,20.625
mmlu,248,C,0.6,1,0,0,0,0.7272382974624634,0.44406357407569885,22.0,17.0,23.875,19.25
mmlu,249,A,0.6,0,0,0,0,0.12014567852020264,0.8324598670005798,20.75,17.5,17.0,20.5
mmlu,250,A,0.6,1,0,0,0,0.987325131893158,0.05986790731549263,20.125,14.5,13.625,14.5625
mmlu,251,D,0.6,0,0,0,0,0.056639283895492554,0.9648347496986389,20.625,16.625,20.5,18.875
mmlu,252,A,0.6,1,0,0,0,0.9778957962989807,0.10083281248807907,25.0,19.875,19.625,19.875
mmlu,253,D,0.6,1,0,0,0,0.7913993000984192,0.4919344186782837,21.0,17.75,16.75,18.625
mmlu,254,B,0.6,1,0,0,0,0.4425112307071686,0.9628334045410156,21.0,18.875,19.875,18.5
mmlu,255,A,0.6,1,0,0,0,0.24115139245986938,1.1385295391082764,23.0,20.75,22.375,21.75
mmlu,256,C,0.6,1,0,0,0,0.2363559901714325,0.8107282519340515,20.25,16.5,20.75,17.625
mmlu,257,A,0.6,0,0,0,0,0.060760945081710815,0.8102014660835266,22.75,19.5,18.375,22.625
mmlu,258,B,0.6,0,0,0,0,0.319913387298584,1.136186957359314,20.125,19.25,18.875,18.0
mmlu,259,D,0.6,1,0,0,0,0.5381627082824707,0.8817205429077148,21.5,19.875,17.75,20.0
mmlu,260,D,0.6,0,0,0,0,0.9240530729293823,0.24478435516357422,21.875,16.125,18.25,18.125
mmlu,261,D,0.6,0,0,0,0,0.14157149195671082,1.2193686962127686,20.25,19.875,19.125,18.625
mmlu,262,A,0.6,1,0,0,0,0.2575281262397766,1.0584100484848022,21.25,19.625,18.625,20.625
mmlu,263,C,0.6,1,0,0,0,0.1230563223361969,0.7432532906532288,21.0,16.125,20.75,16.5
mmlu,264,D,0.6,0,0,0,0,0.7145592570304871,0.6089414358139038,21.75,17.75,19.75,18.875
mmlu,265,B,0.6,0,0,0,0,0.03862500190734863,1.350002646446228,20.625,21.375,21.25,21.0
mmlu,266,D,0.6,0,0,0,0,0.7831337451934814,0.4626874625682831,23.375,19.875,18.375,21.125
mmlu,267,B,0.6,0,0,0,0,0.0,1.3478689193725586,20.125,19.375,20.125,19.875
mmlu,268,D,0.6,0,0,0,0,0.8372843265533447,0.4673435091972351,24.0,21.0,20.125,21.125
mmlu,269,A,0.6,1,0,0,0,0.6320329308509827,0.6653901934623718,23.25,21.625,18.625,20.5
mmlu,270,B,0.6,0,0,0,0,0.8922315835952759,0.3005140423774719,22.375,19.25,16.875,18.625
mmlu,271,A,0.6,1,0,0,0,0.9046406745910645,0.31874996423721313,20.375,16.625,16.375,16.875
mmlu,272,A,0.6,1,0,0,0,0.6880353689193726,0.6382815837860107,22.25,18.375,19.375,20.375
mmlu,273,D,0.6,0,0,0,0,0.8510674834251404,0.3362935781478882,19.625,15.0,14.75,17.0
mmlu,274,B,0.6,0,0,0,0,0.48739832639694214,0.8473343253135681,20.75,22.5,16.875,21.25
mmlu,275,B,0.6,1,0,0,0,0.2669646143913269,0.9539485573768616,22.25,21.625,17.5,20.625
mmlu,276,D,0.6,1,0,0,0,0.5836681723594666,0.7927272915840149,22.5,17.25,20.75,20.875
mmlu,277,B,0.6,1,0,0,0,0.3041098117828369,0.9817144870758057,22.0,21.25,17.375,20.625
mmlu,278,A,0.6,0,0,0,0,0.7499977946281433,0.6379187703132629,18.875,17.875,21.25,18.75
mmlu,279,A,0.6,1,0,0,0,0.5985766649246216,0.7000208497047424,22.375,19.5,18.375,20.875
mmlu,280,D,0.6,0,0,0,0,0.5327578186988831,0.8223323822021484,21.75,17.5,20.375,19.75
mmlu,281,C,0.6,0,0,0,0,0.3167235851287842,1.0964094400405884,22.25,19.375,21.375,21.25
mmlu,282,D,0.6,0,0,0,0,0.3738870620727539,0.9157415628433228,22.0,19.625,19.0,21.125
mmlu,283,A,0.6,1,0,0,0,0.8886318802833557,0.2891426980495453,22.125,16.875,19.125,17.875
mmlu,284,C,0.6,1,0,0,0,0.7661839723587036,0.5778430700302124,21.375,17.375,18.75,19.0
mmlu,285,A,0.6,1,0,0,0,0.8887180685997009,0.34590065479278564,22.375,18.75,18.25,19.125
mmlu,286,A,0.6,0,0,0,0,0.311117947101593,1.0045123100280762,21.875,18.875,21.125,20.125
mmlu,287,D,0.6,0,0,0,0,0.4592611491680145,0.9748924970626831,19.375,19.125,20.625,17.5
mmlu,288,B,0.6,0,0,0,0,0.6318325996398926,0.6827629208564758,20.625,19.0,17.5,17.125
mmlu,289,A,0.6,1,0,0,0,0.60618656873703,0.6578577756881714,22.625,17.875,21.125,19.625
mmlu,290,D,0.6,1,0,0,0,0.49512845277786255,0.8189054727554321,19.875,20.5,15.0,21.75
mmlu,291,A,0.6,1,0,0,0,0.5501337647438049,0.5775701403617859,23.375,17.5,22.125,18.5
mmlu,292,C,0.6,1,0,0,0,0.7289742231369019,0.4337955713272095,21.375,16.625,23.25,18.25
mmlu,293,C,0.6,0,0,0,0,0.19168511033058167,1.3201732635498047,19.375,20.125,19.5,19.25
mmlu,294,D,0.6,1,0,0,0,0.0,0.7843801975250244,22.375,18.875,17.625,22.375
mmlu,295,D,0.6,1,0,0,0,0.30333638191223145,1.0285837650299072,21.875,18.75,20.375,21.125
mmlu,296,A,0.6,0,0,0,0,0.04658222198486328,1.246263027191162,19.875,18.5,19.125,20.0
mmlu,297,D,0.6,1,0,0,0,0.5938653945922852,0.7119325399398804,19.75,16.875,21.25,18.625
mmlu,298,B,0.6,0,0,0,0,0.5316482186317444,0.7042531967163086,18.875,15.6875,14.625,17.625
mmlu,299,B,0.6,0,0,0,0,0.21762096881866455,1.0138479471206665,20.75,19.125,21.25,18.75
mmlu,300,D,0.6,1,0,0,0,0.15463778376579285,1.1050409078598022,20.625,18.5,19.625,21.0
mmlu,301,B,0.6,0,0,0,0,0.5842057466506958,0.7665517330169678,22.375,19.0,19.75,20.875
mmlu,302,D,0.6,0,0,0,0,0.49243009090423584,0.7065489292144775,22.5,18.125,21.375,19.125
mmlu,303,B,0.6,0,0,0,0,0.18362170457839966,1.1923118829727173,20.75,19.875,18.625,20.25
mmlu,304,D,0.6,1,0,0,0,0.45473113656044006,0.6659404039382935,21.375,17.875,17.875,22.375
mmlu,305,D,0.6,1,0,0,0,0.12290805578231812,0.7487822771072388,22.0,17.625,17.75,22.25
mmlu,306,C,0.6,0,0,0,0,0.6021232008934021,0.8718419671058655,22.125,20.375,19.875,19.75
mmlu,307,B,0.6,0,0,0,0,0.11027377843856812,1.0053701400756836,20.625,17.375,19.25,20.875
mmlu,308,C,0.6,1,0,0,0,0.054260581731796265,1.0329525470733643,20.5,17.125,20.625,19.25
mmlu,309,C,0.6,1,0,0,0,0.3241882026195526,0.9422298669815063,22.0,19.75,19.0,21.25
mmlu,310,B,0.6,1,0,0,0,0.588434636592865,0.7156710624694824,20.625,23.0,17.5,21.5
mmlu,311,D,0.6,1,0,0,0,0.28483426570892334,0.8575315475463867,21.625,17.375,19.125,21.0
mmlu,312,D,0.6,1,0,0,0,0.6645780205726624,0.673257052898407,22.25,17.375,22.0,24.125
mmlu,313,D,0.6,0,0,0,0,0.5616109371185303,0.7362314462661743,21.875,18.625,18.625,20.5
mmlu,314,D,0.6,1,0,0,0,0.5530484318733215,0.7737796306610107,20.25,18.25,18.875,21.625
mmlu,315,C,0.6,1,0,0,0,0.535226047039032,0.941847562789917,21.75,19.75,19.375,20.25
mmlu,316,D,0.6,0,0,0,0,0.3473610281944275,1.0097688436508179,21.875,18.625,20.375,21.0
mmlu,317,B,0.6,1,0,0,0,0.0,0.8530592322349548,21.625,21.625,17.625,18.875
mmlu,318,A,0.6,1,0,0,0,0.9061087369918823,0.23878544569015503,24.5,19.25,19.375,21.375
mmlu,319,D,0.6,1,0,0,0,0.8594655394554138,0.2881966829299927,20.0,17.0,16.875,22.625
mmlu,320,A,0.6,1,0,0,0,0.8033027052879333,0.5242061614990234,23.625,19.625,21.0,20.875
mmlu,321,D,0.6,0,0,0,0,0.6004948019981384,0.6970287561416626,22.25,18.625,19.125,20.75
mmlu,322,D,0.6,1,0,0,0,0.5252708196640015,0.9620270729064941,20.0,19.0,19.75,21.5
mmlu,323,B,0.6,0,0,0,0,0.8797919750213623,0.32814106345176697,22.625,17.625,19.625,18.875
mmlu,324,B,0.6,0,0,0,0,0.7935551404953003,0.49896711111068726,22.375,19.75,16.25,19.875
mmlu,325,A,0.6,1,0,0,0,0.35499686002731323,1.0091726779937744,21.5,19.625,18.875,20.625
mmlu,326,A,0.6,1,0,0,0,0.9826475977897644,0.0744582861661911,22.0,16.0,16.25,16.875
mmlu,327,C,0.6,1,0,0,0,0.7164354920387268,0.5888274908065796,19.75,16.875,21.75,19.0
mmlu,328,D,0.6,0,0,0,0,0.21458381414413452,1.0038387775421143,22.75,22.25,19.25,21.125
mmlu,329,D,0.6,0,0,0,0,0.5692952871322632,0.685127317905426,20.375,17.125,21.75,18.75
mmlu,330,B,0.6,1,0,0,0,0.3326534628868103,0.8746368288993835,23.875,23.125,20.0,21.5
mmlu,331,D,0.6,0,0,0,0,0.9110562205314636,0.28749406337738037,22.625,19.0,17.75,19.125
mmlu,332,D,0.6,0,0,0,0,0.389577716588974,0.8174352645874023,21.125,17.625,18.125,20.25
mmlu,333,C,0.6,0,0,0,0,0.32535767555236816,0.9328352212905884,20.125,17.75,20.875,18.625
mmlu,334,B,0.6,0,0,0,0,0.8951860666275024,0.29357007145881653,22.5,18.25,19.375,17.875
mmlu,336,D,0.6,0,0,0,0,0.3584938645362854,0.9872344732284546,22.625,20.75,21.75,19.75
mmlu,337,B,0.6,0,0,0,0,0.37654584646224976,0.8969323635101318,22.75,20.375,19.5,21.875
mmlu,338,D,0.6,0,0,0,0,0.21902385354042053,0.9610277414321899,21.625,22.125,18.0,20.375
mmlu,339,B,0.6,0,0,0,0,0.17620134353637695,0.8676254153251648,20.75,17.0,20.375,18.0
mmlu,341,D,0.6,0,0,0,0,0.6639766693115234,0.6509804129600525,22.875,21.125,19.25,19.75
mmlu,342,D,0.6,0,0,0,0,0.9396496415138245,0.17537659406661987,22.25,17.25,16.25,18.625
mmlu,343,D,0.6,0,0,0,0,0.5594398975372314,0.7468131184577942,23.375,20.125,20.25,22.0
mmlu,344,C,0.6,0,0,0,0,0.4180930256843567,1.127955436706543,21.875,20.375,20.625,20.25
mmlu,345,C,0.6,1,0,0,0,0.0,1.221909523010254,21.75,21.75,21.0,20.0
mmlu,346,B,0.6,1,0,0,0,0.5879693627357483,0.7523695230484009,23.125,21.625,19.75,20.375
mmlu,347,A,0.6,1,0,0,0,0.683860719203949,0.6527428030967712,20.875,17.0,19.0,18.125
mmlu,348,D,0.6,1,0,0,0,0.3953308165073395,0.7701625823974609,21.25,17.0,18.125,20.375
mmlu,349,C,0.6,0,0,0,0,0.7659580707550049,0.6198261976242065,23.5,21.0,20.125,21.0
mmlu,350,C,0.6,0,0,0,0,0.2598353326320648,1.0146872997283936,20.125,19.5,16.625,18.625
mmlu,352,B,0.6,0,0,0,0,0.8935970067977905,0.30059850215911865,23.5,19.375,18.875,20.375
mmlu,353,B,0.6,1,0,0,0,0.8913617730140686,0.22364628314971924,17.75,20.625,12.6875,14.3125
mmlu,354,B,0.6,0,0,0,0,0.5448938012123108,0.620770275592804,22.5,21.25,17.75,18.25
mmlu,355,D,0.6,0,0,0,0,0.674525260925293,0.7994058132171631,21.75,19.375,19.375,19.625
mmlu,356,D,0.6,0,0,0,0,0.05566561222076416,0.9709700345993042,22.0,22.125,16.875,20.625
mmlu,357,A,0.6,0,0,0,0,0.12023869156837463,0.8307061791419983,22.125,18.75,18.5,21.875
mmlu,358,C,0.6,0,0,0,0,0.8316656351089478,0.4920188784599304,20.875,17.5,17.75,18.0
mmlu,359,D,0.6,0,0,0,0,0.7474281787872314,0.6828117370605469,22.25,19.75,19.5,19.75
mmlu,360,A,0.6,1,0,0,0,0.9538533687591553,0.16776570677757263,22.875,18.0,18.0,18.75
mmlu,361,B,0.6,0,0,0,0,0.3968556225299835,0.7615387439727783,21.625,20.75,18.25,17.625
mmlu,362,B,0.6,0,0,0,0,0.23832964897155762,1.284503698348999,19.0,19.875,19.125,18.75
mmlu,363,A,0.6,1,0,0,0,0.9554178714752197,0.15979942679405212,23.5,18.375,18.625,19.375
mmlu,364,B,0.6,0,0,0,0,0.2785511612892151,1.1577911376953125,21.25,20.5,19.25,20.0
mmlu,365,B,0.6,0,0,0,0,0.66082763671875,0.6512594223022461,22.125,17.75,19.375,20.375
mmlu,366,D,0.6,0,0,0,0,0.7755654454231262,0.5557588338851929,23.25,20.875,19.625,20.25
mmlu,367,C,0.6,1,0,0,0,0.8880409002304077,0.2935122549533844,18.75,16.875,21.75,17.375
mmlu,368,D,0.6,0,0,0,0,0.9418299198150635,0.1963060200214386,21.375,17.25,15.5,17.5
mmlu,369,B,0.6,0,0,0,0,0.8755471706390381,0.360038697719574,22.0,18.875,16.5,18.875
mmlu,370,C,0.6,0,0,0,0,0.3008306622505188,1.2035372257232666,22.25,21.125,20.625,21.375
mmlu,371,D,0.6,0,0,0,0,0.25962620973587036,1.0621147155761719,21.5,19.375,20.875,19.5
mmlu,372,C,0.6,1,0,0,0,0.9209672212600708,0.1911635845899582,18.125,14.5625,21.375,15.8125
mmlu,373,A,0.6,1,0,0,0,0.9786629676818848,0.08670729398727417,22.125,17.25,16.375,16.375
mmlu,374,A,0.6,1,0,0,0,0.3285098075866699,1.1087884902954102,21.625,20.25,19.375,20.75
mmlu,375,B,0.6,0,0,0,0,0.5620808005332947,0.7312071323394775,23.5,22.125,19.875,20.5
mmlu,376,D,0.6,0,0,0,0,0.18483221530914307,1.1807571649551392,19.875,19.375,17.625,19.0
mmlu,377,D,0.6,0,0,0,0,0.511452317237854,0.8702609539031982,21.0,19.625,16.5,19.375
mmlu,378,B,0.6,0,0,0,0,0.5770226716995239,0.7885707020759583,22.625,20.25,19.125,21.125
mmlu,379,C,0.6,1,0,0,0,0.6303385496139526,0.5211723446846008,19.5,15.5,21.0,15.75
mmlu,380,A,0.6,1,0,0,0,0.4366036355495453,0.7970895767211914,22.125,18.375,21.125,19.25
mmlu,381,A,0.6,1,0,0,0,0.5550829768180847,0.7564612627029419,22.375,21.0,18.5,19.75
mmlu,382,B,0.6,0,0,0,0,0.6303578615188599,0.7758861780166626,21.125,19.375,18.75,18.0
mmlu,383,A,0.6,1,0,0,0,0.8296810388565063,0.3803153336048126,22.0,16.875,19.5,18.0
mmlu,384,B,0.6,0,0,0,0,0.831191897392273,0.4619092345237732,22.625,19.5,18.625,19.875
mmlu,385,D,0.6,0,0,0,0,0.04314982891082764,1.2425323724746704,20.625,20.25,20.5,18.75
mmlu,386,B,0.6,1,0,0,0,0.6129803657531738,0.7971453666687012,21.25,17.375,19.5,19.375
mmlu,387,D,0.6,1,0,0,0,0.3285258710384369,0.890141487121582,22.125,17.875,20.0,21.375
mmlu,388,B,0.6,0,0,0,0,0.5770226716995239,0.7885707020759583,22.625,20.25,19.125,21.125
mmlu,389,B,0.6,0,0,0,0,0.5938969254493713,0.8908228874206543,22.375,20.375,19.875,20.625
mmlu,390,B,0.6,0,0,0,0,0.36692970991134644,1.0308141708374023,20.625,19.625,19.5,17.125
mmlu,391,D,0.6,1,0,0,0,0.0,1.1875228881835938,20.0,17.75,19.375,20.0
mmlu,392,D,0.6,0,0,0,0,0.7106524705886841,0.6754502654075623,22.0,18.375,19.625,19.875
mmlu,393,A,0.6,0,0,0,0,0.5961225032806396,0.696125328540802,19.625,16.25,21.125,18.5
mmlu,394,A,0.6,1,0,0,0,0.9667778015136719,0.12103511393070221,22.375,17.25,16.5,18.0
mmlu,395,D,0.6,1,0,0,0,0.9246575236320496,0.1658429205417633,19.875,15.4375,15.0625,23.125
mmlu,396,D,0.6,1,0,0,0,0.389577716588974,0.8174352645874023,21.125,17.625,18.125,20.25
mmlu,397,A,0.6,1,0,0,0,0.8636975288391113,0.3968006372451782,22.0,18.625,17.875,19.0
mmlu,398,D,0.6,1,0,0,0,0.22740662097930908,0.9029390811920166,20.625,18.375,16.625,20.125
mmlu,399,D,0.6,0,0,0,0,0.22973176836967468,0.8970625400543213,21.625,19.125,19.25,22.125
mmlu,400,C,0.6,0,0,0,0,0.39653682708740234,0.7655307054519653,22.875,19.125,19.375,22.0
mmlu,401,A,0.6,0,0,0,0,0.892341136932373,0.2687877416610718,19.625,16.625,22.625,18.25
mmlu,402,C,0.6,1,0,0,0,0.1540558934211731,1.1248524188995361,21.25,19.125,19.75,20.875
mmlu,403,B,0.6,0,0,0,0,0.8620112538337708,0.4041432738304138,23.0,19.625,19.0,20.0
mmlu,404,D,0.6,1,0,0,0,0.7545611262321472,0.41880130767822266,21.125,16.875,18.375,23.125
mmlu,405,B,0.6,1,0,0,0,0.0549640953540802,0.9809629917144775,20.75,20.875,14.875,19.5
mmlu,406,D,0.6,1,0,0,0,0.28308093547821045,1.21181058883667,7.78125,9.3125,8.5,8.125
mmlu,407,C,0.6,0,0,0,0,0.18206840753555298,0.7590115070343018,22.25,21.875,16.625,18.625
mmlu,408,A,0.6,0,0,0,0,0.45427876710891724,0.8892443180084229,23.125,19.5,21.125,22.0
mmlu,409,A,0.6,1,0,0,0,0.9067336916923523,0.29200369119644165,24.375,20.0,20.375,21.0
mmlu,410,D,0.6,0,0,0,0,0.6115437746047974,0.7603497505187988,19.375,17.625,21.0,18.5
mmlu,411,D,0.6,0,0,0,0,0.6931332349777222,0.6552040576934814,23.5,21.25,18.5,21.5
mmlu,412,B,0.6,0,0,0,0,0.6748085618019104,0.7565057873725891,21.875,19.125,19.375,19.875
mmlu,413,C,0.6,1,0,0,0,0.8150594234466553,0.38353243470191956,19.375,16.125,21.75,17.625
mmlu,414,A,0.6,1,0,0,0,0.8637062907218933,0.25831830501556396,21.375,14.4375,13.8125,18.75
mmlu,415,A,0.6,1,0,0,0,0.8089895248413086,0.41717129945755005,22.375,18.375,17.75,20.0
mmlu,416,B,0.6,0,0,0,0,0.8350198864936829,0.4488261044025421,23.0,19.0,20.25,19.75
mmlu,417,B,0.6,0,0,0,0,0.3434179425239563,0.7967098951339722,22.5,21.75,18.25,19.5
mmlu,418,C,0.6,0,0,0,0,0.5951322317123413,0.7032925486564636,22.5,17.875,21.0,19.875
mmlu,419,D,0.6,0,0,0,0,0.4038666784763336,0.9544720649719238,20.75,21.75,18.625,19.875
mmlu,420,C,0.6,0,0,0,0,0.3426589071750641,0.8081836104393005,22.25,18.5,21.5,19.125
mmlu,421,B,0.6,0,0,0,0,0.6617635488510132,0.7388440370559692,22.125,19.0,19.625,20.25
mmlu,422,D,0.6,1,0,0,0,0.13625794649124146,1.1716564893722534,18.0,18.25,16.0,18.625
mmlu,423,D,0.6,0,0,0,0,0.26591306924819946,1.0213364362716675,21.125,19.375,21.75,19.625
mmlu,424,B,0.6,0,0,0,0,0.17602166533470154,0.8551933765411377,20.5,15.9375,20.875,18.375
mmlu,425,C,0.6,0,0,0,0,0.46993446350097656,0.9009705781936646,22.125,17.375,20.875,20.625
mmlu,426,B,0.6,0,0,0,0,0.7887752056121826,0.43704092502593994,22.25,18.5,17.0,20.0
mmlu,427,B,0.6,0,0,0,0,0.0978337824344635,1.0786535739898682,21.5,21.25,16.875,20.75
mmlu,428,A,0.6,1,0,0,0,0.3544958829879761,0.6869098544120789,20.25,15.6875,16.5,21.0
mmlu,429,B,0.6,0,0,0,0,0.5717630982398987,0.8052019476890564,19.75,21.25,19.0,17.75
mmlu,430,B,0.6,0,0,0,0,0.0,1.3441576957702637,20.625,21.375,21.375,21.0
mmlu,431,D,0.6,0,0,0,0,0.6916834712028503,0.6191017031669617,22.0,17.75,19.125,20.125
mmlu,432,A,0.6,1,0,0,0,0.6839666962623596,0.7272545695304871,22.625,20.0,19.75,20.625
mmlu,433,D,0.6,1,0,0,0,0.6643978357315063,0.5034443736076355,20.25,16.125,17.125,21.875
mmlu,434,D,0.6,0,0,0,0,0.79091477394104,0.48884594440460205,21.125,16.5,18.75,18.0
mmlu,435,C,0.6,1,0,0,0,0.40119755268096924,0.7257288694381714,21.375,18.25,22.25,18.25
mmlu,436,A,0.6,1,0,0,0,0.9779453277587891,0.0905032679438591,24.75,19.875,18.75,19.375
mmlu,437,D,0.6,0,0,0,0,0.2086591124534607,1.0821540355682373,21.25,19.5,20.75,19.0
mmlu,438,A,0.6,1,0,0,0,0.9372366666793823,0.22223874926567078,22.625,18.375,18.75,18.0
mmlu,439,C,0.6,0,0,0,0,0.44318342208862305,0.7465491890907288,20.625,19.625,15.875,17.625
mmlu,440,D,0.6,0,0,0,0,0.8383862376213074,0.42745035886764526,23.375,18.625,20.625,20.25
mmlu,441,C,0.6,1,0,0,0,0.3955526053905487,0.9907888174057007,21.0,19.125,22.0,20.25
mmlu,442,A,0.6,1,0,0,0,0.8303267955780029,0.49503254890441895,21.0,18.125,17.5,18.0
mmlu,443,C,0.6,0,0,0,0,0.2835913598537445,1.1436185836791992,20.25,19.5,18.25,18.875
mmlu,444,A,0.6,1,0,0,0,0.9733660221099854,0.10835711658000946,23.125,18.375,17.0,18.25
mmlu,445,D,0.6,0,0,0,0,0.10477975010871887,1.0300697088241577,21.5,16.625,21.25,20.375
mmlu,446,D,0.6,1,0,0,0,0.3528720438480377,0.9929255247116089,22.25,21.375,19.0,20.625
mmlu,447,D,0.6,0,0,0,0,0.4104570150375366,0.6245099306106567,23.0,17.125,16.125,22.125
mmlu,448,A,0.6,1,0,0,0,0.319913387298584,1.136186957359314,22.5,21.625,20.375,21.25
mmlu,449,C,0.6,0,0,0,0,0.8820488452911377,0.31901222467422485,22.0,17.0,18.125,19.0
mmlu,450,B,0.6,0,0,0,0,0.82747483253479,0.4434593915939331,22.375,19.75,18.375,18.875
mmlu,451,C,0.6,0,0,0,0,0.7437286376953125,0.4838264286518097,21.625,17.5,19.625,17.125
mmlu,452,C,0.6,0,0,0,0,0.3837154507637024,0.9921693801879883,21.125,17.5,19.75,20.125
mmlu,453,A,0.6,1,0,0,0,0.8011641502380371,0.454950213432312,22.375,18.5,18.375,20.0
mmlu,454,A,0.6,1,0,0,0,0.6494362950325012,0.5963565111160278,21.875,17.75,18.125,20.25
mmlu,455,B,0.6,0,0,0,0,0.9046406745910645,0.31874993443489075,24.375,20.375,20.875,20.625
mmlu,456,C,0.6,0,0,0,0,0.3685343861579895,0.9491950273513794,21.875,21.0,19.25,19.5
mmlu,457,D,0.6,0,0,0,0,0.21555790305137634,1.2552964687347412,21.125,20.125,19.75,20.5
mmlu,458,D,0.6,1,0,0,0,0.7835713028907776,0.36586105823516846,20.625,17.0,16.0,22.75
mmlu,459,D,0.6,0,0,0,0,0.5389425754547119,0.9879906177520752,20.875,19.125,19.25,18.75
mmlu,460,C,0.6,1,0,0,0,0.3488790988922119,0.7477933168411255,21.875,18.0,22.625,19.125
mmlu,461,D,0.6,0,0,0,0,0.5017842650413513,0.6398800611495972,22.0,17.625,17.25,20.875
mmlu,462,C,0.6,0,0,0,0,0.24135848879814148,0.7391932606697083,21.75,17.25,21.25,17.375
mmlu,463,B,0.6,1,0,0,0,0.16499435901641846,0.9967411756515503,21.75,21.375,18.375,20.0
mmlu,464,C,0.6,0,0,0,0,0.6961911916732788,0.6807385683059692,21.625,19.0,18.25,19.625
mmlu,465,D,0.6,0,0,0,0,0.7750787138938904,0.5532777309417725,21.75,17.875,18.875,19.375
mmlu,466,A,0.6,1,0,0,0,0.9549005031585693,0.1618848443031311,20.375,15.0625,15.6875,16.25
mmlu,467,A,0.6,1,0,0,0,0.8754079937934875,0.26105591654777527,21.75,15.625,16.0,19.0
mmlu,468,B,0.6,0,0,0,0,0.26707756519317627,1.183410882949829,20.25,21.0,20.0,19.0
mmlu,469,A,0.6,1,0,0,0,0.9558447003364563,0.144130140542984,23.0,17.5,17.625,19.0
mmlu,470,D,0.6,0,0,0,0,0.507144570350647,0.9005111455917358,22.125,18.375,20.5,20.75
mmlu,471,C,0.6,0,0,0,0,0.0,1.309417486190796,19.0,19.0,17.875,18.625
mmlu,472,C,0.6,0,0,0,0,0.9541541934013367,0.13479259610176086,23.875,16.875,18.5,20.0
mmlu,473,C,0.6,0,0,0,0,0.2094184160232544,1.0179709196090698,18.25,18.75,14.8125,17.375
mmlu,474,A,0.6,1,0,0,0,0.6653798818588257,0.7861027717590332,22.0,20.0,19.5,19.5
mmlu,475,A,0.6,1,0,0,0,0.9025874137878418,0.3271208107471466,23.625,20.125,19.75,19.875
mmlu,476,D,0.6,0,0,0,0,0.5712785720825195,0.6694852709770203,22.125,16.875,19.125,20.75
mmlu,477,D,0.6,0,0,0,0,0.4800266623497009,0.7780194282531738,21.375,17.375,20.25,18.625
mmlu,478,A,0.6,1,0,0,0,0.6310800313949585,0.51483154296875,20.25,15.8125,16.5,21.75
mmlu,479,B,0.6,0,0,0,0,0.46156981587409973,0.8813226819038391,20.625,17.75,19.5,18.125
mmlu,480,D,0.6,0,0,0,0,0.5417771935462952,0.9245964288711548,21.875,19.625,19.625,20.375
mmlu,481,C,0.6,0,0,0,0,0.8183437585830688,0.5069983601570129,23.625,19.875,20.875,20.75
mmlu,482,D,0.6,1,0,0,0,0.36101454496383667,0.9888997673988342,21.125,18.875,18.75,20.25
mmlu,483,D,0.6,0,0,0,0,0.8679181933403015,0.3049558699131012,24.0,19.25,18.875,21.25
mmlu,484,C,0.6,0,0,0,0,0.43218207359313965,1.143221139907837,21.25,19.875,19.875,19.75
mmlu,485,C,0.6,0,0,0,0,0.7560276985168457,0.6209598779678345,22.75,19.375,20.375,20.125
mmlu,486,D,0.6,1,0,0,0,0.7029982805252075,0.42952197790145874,22.375,16.875,17.0,24.125
mmlu,487,D,0.6,0,0,0,0,0.8247297406196594,0.40673592686653137,22.125,17.75,18.125,19.625
mmlu,488,B,0.6,1,0,0,0,0.0,0.9416375756263733,21.5,21.5,17.5,19.625
mmlu,489,D,0.6,1,0,0,0,0.45629990100860596,0.650702953338623,19.75,15.6875,16.25,20.75
mmlu,490,B,0.6,0,0,0,0,0.7460457682609558,0.6184201240539551,22.375,20.125,19.25,19.375
mmlu,491,B,0.6,1,0,0,0,0.16475039720535278,1.026513934135437,22.25,20.0,20.0,21.875
mmlu,493,A,0.6,1,0,0,0,0.8527330160140991,0.3681578040122986,22.0,18.5,16.375,19.25
mmlu,494,A,0.6,1,0,0,0,0.9330539703369141,0.24095351994037628,22.625,18.5,18.25,18.75
mmlu,495,A,0.6,0,0,0,0,0.4085704982280731,0.9378873705863953,20.625,19.625,17.5,18.625
mmlu,496,A,0.6,1,0,0,0,0.9876280426979065,0.05297747999429703,24.75,18.25,18.375,19.375
mmlu,497,A,0.6,1,0,0,0,0.836536169052124,0.34589719772338867,22.25,17.75,16.75,19.75
mmlu,498,B,0.6,1,0,0,0,0.0,1.1274528503417969,20.5,18.625,20.5,19.0
mmlu,499,D,0.6,0,0,0,0,0.6925035715103149,0.5058376789093018,22.75,18.375,17.75,21.0
medqa,0,D,0.6,0,0,0,0,0.6971431970596313,0.767179012298584,22.75,20.5,20.125,20.5
medqa,1,C,0.6,1,0,0,0,0.35920360684394836,1.1125073432922363,20.125,19.875,21.125,18.875
medqa,2,B,0.6,0,0,0,0,0.8250864744186401,0.487334668636322,22.875,19.75,19.25,20.125
medqa,3,A,0.6,1,0,0,0,0.812682032585144,0.46018221974372864,23.125,19.25,19.5,20.625
medqa,4,B,0.6,0,0,0,0,0.05400693416595459,1.0844765901565552,21.0,19.25,20.875,18.875
medqa,5,B,0.6,0,0,0,0,0.17563244700431824,0.8736082315444946,21.25,20.875,17.375,18.625
medqa,6,B,0.6,0,0,0,0,0.7264211773872375,0.5661942958831787,23.375,20.0,19.5,21.375
medqa,7,B,0.6,0,0,0,0,0.802108883857727,0.5013656616210938,23.25,20.75,19.5,20.0
medqa,8,B,0.6,0,0,0,0,0.8469445705413818,0.39997828006744385,22.625,19.125,18.125,19.875
medqa,9,C,0.6,0,0,0,0,0.048349618911743164,1.221400499343872,21.375,19.875,21.25,20.25
medqa,10,A,0.6,1,0,0,0,0.30693045258522034,1.0208884477615356,20.875,17.875,20.125,19.25
medqa,11,C,0.6,0,0,0,0,0.9332523941993713,0.24030384421348572,23.375,19.125,19.125,19.5
medqa,12,A,0.6,1,0,0,0,0.8984202146530151,0.27794021368026733,22.625,17.75,19.5,18.25
medqa,13,B,0.6,0,0,0,0,0.5317995548248291,0.9366344213485718,23.625,21.875,20.875,22.125
medqa,14,B,0.6,0,0,0,0,0.8773344159126282,0.3909776508808136,23.375,19.875,19.75,20.125
medqa,15,C,0.6,0,0,0,0,0.41225242614746094,0.935450553894043,21.875,19.25,19.5,20.875
medqa,16,A,0.6,0,0,0,0,0.20367908477783203,1.0938388109207153,19.75,17.125,19.25,18.375
medqa,17,B,0.6,1,0,0,0,0.5205222368240356,0.9664982557296753,20.25,21.75,20.125,19.125
medqa,18,D,0.6,0,0,0,0,0.5841701626777649,0.8618502616882324,22.125,19.5,19.875,20.5
medqa,19,B,0.6,0,0,0,0,0.21422386169433594,1.0269709825515747,20.625,20.125,17.75,18.875
medqa,20,B,0.6,0,0,0,0,0.6179035902023315,0.810451865196228,23.5,20.375,21.75,21.375
medqa,21,D,0.6,0,0,0,0,0.6817247271537781,0.6699211597442627,22.75,19.75,19.5,20.875
medqa,22,C,0.6,1,0,0,0,0.09480297565460205,1.1704976558685303,21.125,18.875,21.375,20.625
medqa,23,C,0.6,0,0,0,0,0.324338436126709,1.0828649997711182,18.875,16.875,19.75,18.625
medqa,24,A,0.6,1,0,0,0,0.7231505513191223,0.6286558508872986,23.5,21.0,19.375,21.375
medqa,25,D,0.6,0,0,0,0,0.7705780863761902,0.5756860971450806,20.75,17.375,17.75,18.375
medqa,26,B,0.6,0,0,0,0,0.6568477749824524,0.7428929805755615,19.125,15.625,16.875,17.25
medqa,27,B,0.6,0,0,0,0,0.43013325333595276,1.0845673084259033,22.25,20.125,21.0,20.875
medqa,28,D,0.6,1,0,0,0,0.3305002450942993,1.119254469871521,21.5,20.625,19.75,19.75
medqa,29,A,0.6,0,0,0,0,0.27592626214027405,1.1711907386779785,20.875,19.0,20.125,19.625
medqa,31,D,0.6,1,0,0,0,0.1467178761959076,1.1681272983551025,20.375,19.375,21.5,21.125
medqa,32,A,0.6,1,0,0,0,0.5994479656219482,0.807679295539856,20.625,17.625,19.0,18.25
medqa,33,B,0.6,0,0,0,0,0.8928709626197815,0.32905417680740356,22.875,18.625,19.125,19.625
medqa,34,B,0.6,0,0,0,0,0.7197826504707336,0.588546872138977,21.375,19.375,17.25,18.375
medqa,35,B,0.6,1,0,0,0,0.11774978041648865,0.8696750402450562,22.5,22.25,17.5,20.125
medqa,36,B,0.6,0,0,0,0,0.3391968309879303,1.078080177307129,22.25,20.0,21.375,20.625
medqa,37,A,0.6,1,0,0,0,0.6798264980316162,0.7758255004882812,22.375,19.5,20.25,20.25
medqa,38,A,0.6,1,0,0,0,0.9544755220413208,0.1644163429737091,22.75,17.625,18.0,18.625
medqa,39,C,0.6,0,0,0,0,0.3857804536819458,1.0487051010131836,21.0,22.0,20.0,20.0
medqa,40,D,0.6,1,0,0,0,0.06033337116241455,0.8276033401489258,22.25,17.625,19.5,22.375
medqa,41,B,0.6,0,0,0,0,0.88080233335495,0.356669545173645,22.375,18.5,18.5,19.25
medqa,42,D,0.6,0,0,0,0,0.4470483362674713,0.9467917680740356,23.0,20.625,21.875,20.625
medqa,43,A,0.6,1,0,0,0,0.917204737663269,0.24410966038703918,22.125,17.25,17.625,18.75
medqa,44,D,0.6,0,0,0,0,0.4406338036060333,0.9067019820213318,20.125,17.25,21.75,20.625
medqa,45,D,0.6,0,0,0,0,0.4268946051597595,0.9741233587265015,21.375,19.125,21.0,22.5
medqa,46,C,0.6,0,0,0,0,0.503487765789032,0.9224416613578796,21.875,18.5,20.25,20.5
medqa,47,B,0.6,1,0,0,0,0.5774949789047241,0.6415900588035583,20.75,22.125,17.125,18.75
medqa,48,C,0.6,1,0,0,0,0.08628657460212708,1.3031291961669922,20.125,20.875,21.125,20.25
medqa,49,D,0.6,0,0,0,0,0.30464810132980347,0.9739805459976196,22.0,20.625,17.0,21.25
medqa,50,B,0.6,1,0,0,0,0.18207892775535583,1.1698037385940552,19.875,20.625,20.125,18.125
medqa,51,C,0.6,0,0,0,0,0.4011337161064148,1.0635323524475098,21.5,20.25,20.375,18.875
medqa,52,B,0.6,1,0,0,0,0.711943507194519,0.6015143394470215,18.75,21.375,16.375,19.375
medqa,53,B,0.6,0,0,0,0,0.08617362380027771,1.2843149900436401,19.625,18.25,19.0,19.375
medqa,54,D,0.6,1,0,0,0,0.45260167121887207,1.0254528522491455,21.25,22.5,20.125,20.875
medqa,55,C,0.6,0,0,0,0,0.4050751328468323,1.0832011699676514,20.125,19.0,18.0,18.625
medqa,56,A,0.6,1,0,0,0,0.8090074062347412,0.47351568937301636,23.125,19.125,19.75,20.625
medqa,57,A,0.6,1,0,0,0,0.30575141310691833,1.03033447265625,20.125,17.25,18.5,19.375
medqa,58,B,0.6,0,0,0,0,0.04207181930541992,1.278701663017273,20.375,19.0,20.5,20.125
medqa,59,B,0.6,1,0,0,0,0.17666152119636536,1.2581923007965088,20.75,19.375,20.25,19.75
medqa,60,D,0.6,0,0,0,0,0.8867039680480957,0.32677027583122253,23.125,20.0,18.25,19.5
medqa,61,A,0.6,1,0,0,0,0.6737741827964783,0.8003413081169128,22.75,20.625,20.25,20.5
medqa,62,A,0.6,1,0,0,0,0.7556294798851013,0.411538302898407,22.75,16.125,20.75,17.875
medqa,63,C,0.6,0,0,0,0,0.7203118801116943,0.5774936079978943,22.125,17.375,19.25,20.125
medqa,64,C,0.6,0,0,0,0,0.6109328866004944,0.6419838666915894,23.875,19.625,20.5,22.375
medqa,65,C,0.6,0,0,0,0,0.09416672587394714,1.214571475982666,22.125,21.875,21.25,20.25
medqa,66,C,0.6,1,0,0,0,0.688976526260376,0.6800767183303833,20.375,18.375,22.625,20.625
medqa,67,C,0.6,0,0,0,0,0.8929018974304199,0.3488999009132385,21.375,17.5,17.75,18.0
medqa,68,B,0.6,0,0,0,0,0.0,1.221909523010254,20.125,18.375,20.125,19.375
medqa,69,C,0.6,0,0,0,0,0.8978068828582764,0.30776554346084595,24.25,19.75,21.0,20.375
medqa,70,D,0.6,0,0,0,0,0.07527735829353333,1.3524192571640015,21.125,20.625,21.0,21.375
medqa,71,A,0.6,1,0,0,0,0.09711316227912903,1.158898949623108,22.25,21.375,19.75,22.0
medqa,72,A,0.6,1,0,0,0,0.5202341079711914,0.9031867980957031,21.875,19.125,19.75,20.5
medqa,73,D,0.6,0,0,0,0,0.72770094871521,0.629889190196991,20.875,17.5,18.75,18.0
medqa,74,B,0.6,0,0,0,0,0.5038068294525146,0.942933201789856,23.125,20.25,21.75,21.375
medqa,75,A,0.6,1,0,0,0,0.5242445468902588,0.9732409715652466,22.0,20.5,19.75,20.125
medqa,76,D,0.6,0,0,0,0,0.3764827251434326,0.8885173797607422,21.25,18.5,22.125,19.875
medqa,77,A,0.6,0,0,0,0,0.21931248903274536,0.9781795740127563,22.0,18.625,20.125,21.5
medqa,78,C,0.6,0,0,0,0,0.10792991518974304,1.076719045639038,20.625,22.625,22.375,20.625
medqa,79,C,0.6,1,0,0,0,0.43400484323501587,0.8049400448799133,19.375,16.25,20.375,17.75
medqa,80,D,0.6,0,0,0,0,0.15287530422210693,1.1275477409362793,21.5,19.25,21.125,20.125
medqa,81,D,0.6,0,0,0,0,0.8280818462371826,0.5000358819961548,22.625,19.75,19.0,19.75
medqa,82,B,0.6,0,0,0,0,0.7063378691673279,0.6938877701759338,22.25,18.875,19.875,20.125
medqa,83,A,0.6,1,0,0,0,0.30799904465675354,1.0415408611297607,20.5,19.75,18.25,18.5
medqa,84,B,0.6,0,0,0,0,0.5074038505554199,0.8213539123535156,21.625,18.0,20.375,19.25
medqa,85,C,0.6,0,0,0,0,0.6473040580749512,0.714080810546875,21.875,18.375,19.25,20.125
medqa,86,A,0.6,0,0,0,0,0.28078991174697876,1.1229026317596436,20.25,17.75,19.125,19.5
medqa,87,B,0.6,0,0,0,0,0.23355138301849365,0.8419445157051086,21.375,21.875,17.625,19.125
medqa,88,A,0.6,1,0,0,0,0.08587527275085449,1.301087498664856,20.375,19.875,20.625,19.5
medqa,89,C,0.6,0,0,0,0,0.23021933436393738,1.2040834426879883,19.625,18.375,18.0,19.0
medqa,90,B,0.6,0,0,0,0,0.19032734632492065,1.11580491065979,20.25,19.75,17.125,19.375
medqa,91,C,0.6,0,0,0,0,0.6916802525520325,0.7308650612831116,22.75,20.625,19.375,20.625
medqa,92,C,0.6,0,0,0,0,0.7184571027755737,0.664732813835144,21.375,19.25,18.5,18.375
medqa,93,C,0.6,0,0,0,0,0.6360042095184326,0.823070228099823,23.875,21.25,22.0,21.625
medqa,94,C,0.6,0,0,0,0,0.578160285949707,0.8567032217979431,22.125,18.875,20.25,20.5
medqa,95,B,0.6,0,0,0,0,0.5083078145980835,0.9964405298233032,21.0,18.5,19.5,19.5
medqa,96,A,0.6,1,0,0,0,0.37543579936027527,0.9107820987701416,21.125,18.375,18.5,20.25
medqa,97,D,0.6,0,0,0,0,0.2163134217262268,1.0224330425262451,15.5625,17.625,18.125,16.125
medqa,98,B,0.6,0,0,0,0,0.7599916458129883,0.595268964767456,23.125,20.625,19.125,20.75
medqa,99,C,0.6,0,0,0,0,0.822513997554779,0.4973169267177582,22.875,19.75,20.125,19.375
medqa,100,C,0.6,0,0,0,0,0.6334555149078369,0.7317390441894531,22.625,20.5,18.125,20.875
medqa,101,B,0.6,0,0,0,0,0.7182964086532593,0.6021855473518372,21.75,18.375,18.375,19.75
medqa,102,A,0.6,1,0,0,0,0.17285990715026855,1.2687299251556396,21.125,19.75,20.25,20.625
medqa,103,B,0.6,1,0,0,0,0.43380334973335266,1.0708857774734497,18.25,19.5,18.125,17.25
medqa,104,A,0.6,1,0,0,0,0.3813556432723999,1.1557273864746094,20.875,19.375,19.75,19.375
medqa,105,D,0.6,0,0,0,0,0.9272003769874573,0.21845659613609314,22.125,17.0,17.5,18.625
medqa,106,A,0.6,0,0,0,0,0.2853844165802002,1.1427361965179443,22.0,20.5,21.25,20.125
medqa,107,D,0.6,0,0,0,0,0.45571011304855347,1.0227560997009277,21.625,19.875,19.375,20.375
medqa,108,D,0.6,0,0,0,0,0.7404034733772278,0.5602104067802429,22.625,19.875,17.5,20.5
medqa,109,D,0.6,0,0,0,0,0.04412764310836792,1.2489001750946045,20.0,19.5,19.875,18.25
medqa,110,A,0.6,1,0,0,0,0.7569588422775269,0.5758501291275024,22.0,19.0,18.375,19.75
medqa,111,B,0.6,0,0,0,0,0.5161046981811523,0.7842597961425781,22.125,19.5,18.375,20.875
medqa,112,B,0.6,0,0,0,0,0.18483221530914307,1.1807572841644287,20.5,18.75,21.0,20.125
medqa,113,C,0.6,0,0,0,0,0.31867170333862305,0.9776707887649536,21.875,19.125,19.75,21.125
medqa,114,C,0.6,0,0,0,0,0.6739761233329773,0.6843665838241577,21.25,18.75,17.375,19.375
medqa,115,C,0.6,1,0,0,0,0.08833813667297363,1.2759701013565063,19.5,20.125,20.875,20.625
medqa,116,D,0.6,0,0,0,0,0.6625292301177979,0.6551445126533508,21.625,17.875,18.625,19.875
medqa,117,B,0.6,0,0,0,0,0.5848808884620667,0.9200542569160461,22.75,20.625,21.0,20.625
medqa,118,C,0.6,0,0,0,0,0.7204256653785706,0.7022175788879395,22.875,20.125,20.25,20.625
medqa,119,B,0.6,0,0,0,0,0.2839090824127197,0.8572497367858887,20.375,22.125,18.0,22.75
medqa,120,D,0.6,0,0,0,0,0.04641085863113403,1.2610188722610474,21.375,21.5,20.375,20.375
medqa,121,D,0.6,0,0,0,0,0.40335869789123535,0.9688949584960938,20.875,18.125,19.875,18.875
medqa,122,B,0.6,0,0,0,0,0.8715446591377258,0.3878615200519562,23.25,19.0,20.125,20.0
medqa,123,D,0.6,0,0,0,0,0.7736412286758423,0.5113018751144409,22.75,19.25,18.875,20.5
medqa,124,D,0.6,0,0,0,0,0.3341015875339508,1.0935906171798706,21.25,22.75,20.5,21.875
medqa,125,A,0.6,1,0,0,0,0.5254073143005371,0.8800803422927856,22.125,20.0,20.75,19.125
medqa,126,B,0.6,0,0,0,0,0.9037987589836121,0.2501259446144104,22.375,19.25,16.875,17.75
medqa,127,A,0.6,1,0,0,0,0.6212862730026245,0.7777569890022278,22.375,20.625,18.5,20.375
medqa,128,A,0.6,1,0,0,0,0.5192694067955017,0.9125335216522217,22.0,19.625,19.625,20.625
medqa,129,C,0.6,0,0,0,0,0.5977916717529297,0.7088407278060913,22.5,18.875,21.0,19.5
medqa,130,D,0.6,0,0,0,0,0.8126432299613953,0.5018618106842041,22.25,19.625,18.75,19.0
medqa,131,D,0.6,1,0,0,0,0.15130126476287842,1.1308684349060059,20.5,18.125,19.25,20.125
medqa,132,D,0.6,1,0,0,0,0.514938235282898,0.7915525436401367,23.125,20.5,19.5,21.875
medqa,133,C,0.6,0,0,0,0,0.5489393472671509,0.8504308462142944,22.5,18.5,21.0,20.75
medqa,134,D,0.6,1,0,0,0,0.21076934039592743,1.2655246257781982,21.5,20.125,20.625,20.875
medqa,135,B,0.6,0,0,0,0,0.38679441809654236,0.8271953463554382,20.125,16.125,19.25,17.5
medqa,136,C,0.6,0,0,0,0,0.414034903049469,0.8991408944129944,22.5,21.5,18.75,20.5
medqa,137,C,0.6,0,0,0,0,0.32283973693847656,0.9327349662780762,21.875,18.25,21.125,19.875
medqa,138,B,0.6,0,0,0,0,0.37529468536376953,0.9059975147247314,22.125,21.25,19.0,19.75
medqa,139,B,0.6,0,0,0,0,0.5370075106620789,0.8442061543464661,21.625,20.25,19.125,18.75
medqa,140,B,0.6,0,0,0,0,0.7827617526054382,0.566569447517395,22.875,20.125,19.25,20.375
medqa,141,D,0.6,1,0,0,0,0.40371739864349365,1.0039005279541016,20.125,17.5,20.125,21.25
medqa,142,B,0.6,0,0,0,0,0.24909567832946777,1.0684956312179565,19.375,20.0,16.875,18.75
medqa,143,C,0.6,0,0,0,0,0.9115257263183594,0.24448621273040771,23.0,18.375,17.875,19.75
medqa,144,C,0.6,0,0,0,0,0.418601393699646,1.0506881475448608,22.5,20.625,20.5,21.375
medqa,145,D,0.6,0,0,0,0,0.15537890791893005,1.0946989059448242,21.75,20.375,21.375,19.125
medqa,146,D,0.6,0,0,0,0,0.044054239988327026,1.2970805168151855,21.875,21.0,21.75,20.875
medqa,147,A,0.6,1,0,0,0,0.9458091855049133,0.18154481053352356,22.75,17.625,18.0,18.875
medqa,148,A,0.6,1,0,0,0,0.8434881567955017,0.4453585147857666,23.25,19.25,20.125,20.375
medqa,149,A,0.6,1,0,0,0,0.810759425163269,0.5364970564842224,22.875,20.0,19.5,20.125
medqa,150,D,0.6,0,0,0,0,0.18052861094474792,1.2468856573104858,20.625,21.125,19.875,19.875
medqa,151,C,0.6,0,0,0,0,0.9100639820098877,0.2877909541130066,22.875,17.625,19.375,19.375
medqa,152,D,0.6,0,0,0,0,0.3410026431083679,1.076075553894043,20.75,18.625,19.0,19.875
medqa,153,A,0.6,1,0,0,0,0.7405014038085938,0.6351765394210815,21.625,18.375,18.875,19.375
medqa,154,A,0.6,1,0,0,0,0.8553637862205505,0.36713141202926636,22.125,18.0,19.375,17.875
medqa,155,A,0.6,0,0,0,0,0.27326062321662903,0.9694540500640869,21.375,18.75,19.0,20.75
medqa,156,D,0.6,0,0,0,0,0.36534395813941956,0.9517091512680054,21.25,18.125,20.375,19.25
medqa,157,C,0.6,0,0,0,0,0.679681658744812,0.5782281160354614,20.375,22.125,18.125,18.375
medqa,158,D,0.6,1,0,0,0,0.5468000769615173,0.6019179224967957,19.125,14.25,16.25,20.375
medqa,159,D,0.6,1,0,0,0,0.289532333612442,0.8101357221603394,23.125,18.0,20.375,22.5
medqa,160,A,0.6,1,0,0,0,0.3876454532146454,0.826297402381897,22.25,19.5,18.5,21.375
medqa,161,B,0.6,0,0,0,0,0.635658323764801,0.7596851587295532,21.125,19.75,22.875,20.375
medqa,162,A,0.6,0,0,0,0,0.08891230821609497,1.24638032913208,21.75,21.5,20.0,21.125
medqa,163,D,0.6,0,0,0,0,0.7549000382423401,0.5227674841880798,22.125,18.375,20.0,18.375
medqa,164,D,0.6,0,0,0,0,0.196699857711792,1.1648547649383545,19.625,18.0,19.125,18.0
medqa,165,C,0.6,1,0,0,0,0.0537818968296051,1.0870200395584106,20.75,20.625,18.5,19.125
medqa,166,C,0.6,1,0,0,0,0.15899646282196045,1.0333209037780762,21.75,18.125,20.375,21.375
medqa,167,D,0.6,1,0,0,0,0.1729452908039093,0.9180300235748291,22.125,20.0,19.25,22.5
medqa,168,D,0.6,0,0,0,0,0.5931867361068726,0.8323274850845337,22.5,19.75,20.875,20.125
medqa,169,C,0.6,0,0,0,0,0.6465680599212646,0.7573168277740479,21.0,19.0,17.125,19.125
medqa,170,B,0.6,0,0,0,0,0.5116972923278809,0.8138323426246643,23.25,22.0,20.125,20.5
medqa,171,D,0.6,0,0,0,0,0.21110239624977112,1.0268956422805786,20.625,17.25,20.125,19.125
medqa,172,D,0.6,1,0,0,0,0.9032441973686218,0.3068658709526062,19.875,19.375,19.0,23.25
medqa,173,B,0.6,0,0,0,0,0.18492141366004944,1.205631971359253,21.75,21.25,20.75,19.875
medqa,174,A,0.6,1,0,0,0,0.6437777876853943,0.8396160006523132,22.75,20.75,20.125,20.75
medqa,175,A,0.6,0,0,0,0,0.0,0.9386321306228638,21.5,19.375,18.125,21.5
medqa,176,D,0.6,0,0,0,0,0.7337796688079834,0.6398475170135498,19.375,17.125,15.5,17.0
medqa,177,B,0.6,0,0,0,0,0.15953999757766724,1.0806560516357422,22.0,20.125,19.875,21.625
medqa,179,B,0.6,0,0,0,0,0.3266740143299103,0.9280272722244263,22.25,20.0,20.625,23.0
medqa,180,A,0.6,1,0,0,0,0.6563591361045837,0.6665529012680054,18.75,16.125,20.5,17.875
medqa,181,D,0.6,0,0,0,0,0.8311628699302673,0.46516621112823486,22.625,19.375,18.875,19.875
medqa,182,A,0.6,0,0,0,0,0.401179701089859,0.980613648891449,19.875,18.25,20.875,18.875
medqa,183,C,0.6,1,0,0,0,0.0,1.050477385520935,21.0,18.25,21.0,19.5
medqa,184,A,0.6,1,0,0,0,0.8053151965141296,0.48960304260253906,22.375,19.0,18.625,19.875
medqa,185,A,0.6,1,0,0,0,0.7325803637504578,0.5390094518661499,22.75,19.125,18.75,20.75
medqa,186,D,0.6,0,0,0,0,0.33436983823776245,1.1045730113983154,21.0,19.25,19.125,20.125
medqa,187,C,0.6,0,0,0,0,0.35355058312416077,1.1529781818389893,22.0,21.0,20.375,20.5
medqa,188,C,0.6,0,0,0,0,0.634064793586731,0.8691543936729431,22.25,19.875,20.25,20.25
medqa,189,A,0.6,1,0,0,0,0.6415460705757141,0.8514988422393799,21.5,19.125,19.375,19.5
medqa,190,D,0.6,0,0,0,0,0.306869775056839,1.1907973289489746,22.375,20.75,21.5,21.125
medqa,191,D,0.6,0,0,0,0,0.6644448041915894,0.727938175201416,23.5,20.25,21.0,21.625
medqa,192,C,0.6,0,0,0,0,0.2234247624874115,1.154967188835144,22.0,21.375,21.25,19.375
medqa,193,D,0.6,0,0,0,0,0.6694595813751221,0.628076434135437,23.0,19.5,19.5,21.25
medqa,194,A,0.6,1,0,0,0,0.557955801486969,0.860925555229187,21.375,19.25,18.375,19.875
medqa,195,A,0.6,1,0,0,0,0.2109432816505432,1.067289113998413,21.0,18.75,19.125,20.5
medqa,196,B,0.6,1,0,0,0,0.09357589483261108,1.1473653316497803,21.75,21.125,18.75,21.5
medqa,197,D,0.6,0,0,0,0,0.4884898364543915,0.8956379890441895,21.75,18.5,19.75,20.5
medqa,198,D,0.6,0,0,0,0,0.65510094165802,0.6825143098831177,23.5,19.75,21.75,20.75
medqa,199,B,0.6,0,0,0,0,0.3464340567588806,0.7655899524688721,21.5,19.125,17.25,22.25
medqa,200,A,0.6,1,0,0,0,0.802731454372406,0.5330721735954285,23.25,20.375,19.625,20.625
medqa,201,A,0.6,1,0,0,0,0.09519651532173157,1.1612164974212646,22.625,20.25,22.125,22.875
medqa,202,C,0.6,1,0,0,0,0.25962620973587036,1.0621147155761719,20.625,18.5,20.0,18.625
medqa,203,A,0.6,0,0,0,0,0.12037941813468933,1.281903624534607,19.75,20.125,19.75,18.625
medqa,204,B,0.6,0,0,0,0,0.04646894335746765,1.2316750288009644,21.125,20.5,21.25,19.5
medqa,205,B,0.6,0,0,0,0,0.6084169745445251,0.6495747566223145,21.5,16.875,18.375,20.0
medqa,206,A,0.6,1,0,0,0,0.7038208842277527,0.6463836431503296,22.0,19.375,18.125,20.0
medqa,207,B,0.6,0,0,0,0,0.3632560074329376,1.1110093593597412,21.875,20.875,19.75,20.5
medqa,208,A,0.6,1,0,0,0,0.48044249415397644,1.0233707427978516,23.25,21.0,21.875,21.625
medqa,209,A,0.6,1,0,0,0,0.6644448041915894,0.727938175201416,22.0,18.75,20.125,19.5
medqa,210,B,0.6,1,0,0,0,0.2738465666770935,0.9613466858863831,22.25,21.625,19.375,20.0
medqa,211,C,0.6,0,0,0,0,0.5128739476203918,0.8961865901947021,19.875,20.25,18.125,21.625
medqa,212,D,0.6,0,0,0,0,0.1493733525276184,1.1653571128845215,20.5,20.125,18.625,19.125
medqa,213,B,0.6,0,0,0,0,0.5939571857452393,0.8241720199584961,23.625,21.375,20.625,22.0
medqa,214,A,0.6,1,0,0,0,0.6637324690818787,0.7349867224693298,22.75,19.75,20.125,20.875
medqa,215,D,0.6,0,0,0,0,0.10411068797111511,1.1128507852554321,21.25,18.875,21.0,19.875
medqa,216,A,0.6,1,0,0,0,0.8517904281616211,0.38267144560813904,24.5,20.25,20.625,21.75
medqa,217,C,0.6,0,0,0,0,0.30851563811302185,1.1497251987457275,21.375,19.125,20.5,20.375
medqa,218,A,0.6,0,0,0,0,0.510428786277771,0.8015768527984619,20.625,21.875,17.875,19.5
medqa,219,B,0.6,0,0,0,0,0.32639679312705994,0.9240996837615967,21.375,19.875,18.875,22.125
medqa,220,C,0.6,0,0,0,0,0.684474527835846,0.5507714152336121,22.125,17.5,18.375,20.375
medqa,221,B,0.6,0,0,0,0,0.6448308825492859,0.6200907826423645,21.875,18.375,17.875,20.25
medqa,222,D,0.6,0,0,0,0,0.7708265781402588,0.6004222631454468,22.625,19.0,20.125,20.125
medqa,223,A,0.6,1,0,0,0,0.9958432912826538,0.022454319521784782,24.875,17.75,17.625,18.25
medqa,224,D,0.6,0,0,0,0,0.9288683533668518,0.2307395190000534,19.0,18.25,22.625,17.875
medqa,225,C,0.6,0,0,0,0,0.7740228772163391,0.5075687766075134,22.25,20.0,18.125,18.875
medqa,226,B,0.6,0,0,0,0,0.4238395392894745,1.113030195236206,22.375,20.625,20.875,21.125
medqa,227,A,0.6,0,0,0,0,0.16308429837226868,1.0286084413528442,21.0,21.375,18.5,19.625
medqa,228,B,0.6,0,0,0,0,0.7399604916572571,0.583795428276062,22.125,19.0,18.5,20.0
medqa,229,A,0.6,1,0,0,0,0.8049127459526062,0.5241150856018066,23.125,20.5,19.375,20.25
medqa,230,D,0.6,0,0,0,0,0.46813318133354187,0.8222053647041321,21.125,17.875,22.25,20.0
medqa,231,D,0.6,0,0,0,0,0.7277409434318542,0.44400930404663086,22.875,17.375,17.75,21.0
medqa,232,C,0.6,0,0,0,0,0.8630335330963135,0.37212222814559937,24.125,20.0,20.25,21.25
medqa,233,A,0.6,1,0,0,0,0.7658032774925232,0.4710656404495239,23.375,19.125,19.25,21.25
medqa,234,A,0.6,1,0,0,0,0.9588658213615417,0.14180035889148712,24.375,19.0,19.125,20.25
medqa,235,D,0.6,0,0,0,0,0.3121947944164276,0.9955706596374512,21.25,20.5,18.125,19.5
medqa,236,B,0.6,0,0,0,0,0.7249292135238647,0.5596256256103516,23.375,21.375,18.5,20.375
medqa,237,C,0.6,1,0,0,0,0.3628041744232178,1.061711311340332,19.75,17.75,20.75,19.625
medqa,238,D,0.6,1,0,0,0,0.5550829768180847,0.7564612627029419,22.25,19.625,18.375,20.875
medqa,239,C,0.6,0,0,0,0,0.7524996399879456,0.6279555559158325,21.875,18.375,19.375,19.5
medqa,240,C,0.6,0,0,0,0,0.7192307114601135,0.49562689661979675,20.75,18.5,22.625,17.75
medqa,241,D,0.6,1,0,0,0,0.6484644412994385,0.7160001993179321,21.625,18.75,18.5,19.875
medqa,242,A,0.6,1,0,0,0,0.6805325746536255,0.6475128531455994,22.5,17.75,20.625,20.0
medqa,243,C,0.6,0,0,0,0,0.8897907733917236,0.34276658296585083,21.5,17.625,17.625,18.25
medqa,244,C,0.6,0,0,0,0,0.397983193397522,1.0984855890274048,21.75,19.625,20.375,20.625
medqa,245,C,0.6,0,0,0,0,0.4358530640602112,0.9904784560203552,22.75,20.625,21.625,20.5
medqa,246,A,0.6,1,0,0,0,0.5836759805679321,0.7726302146911621,23.5,20.375,20.75,22.0
medqa,247,C,0.6,0,0,0,0,0.6220182776451111,0.8104907274246216,23.5,20.875,21.75,21.0
medqa,248,D,0.6,0,0,0,0,0.5942479372024536,0.8304924368858337,18.875,16.25,16.375,17.25
medqa,249,A,0.6,1,0,0,0,0.5938969254493713,0.8908228874206543,22.25,20.5,19.75,20.25
medqa,250,B,0.6,0,0,0,0,0.09880313277244568,1.176941156387329,20.875,18.875,20.625,19.75
medqa,251,B,0.6,1,0,0,0,0.22891920804977417,0.8989552855491638,22.625,23.125,19.625,20.625
medqa,252,D,0.6,0,0,0,0,0.8445335626602173,0.4115679860115051,22.875,18.625,19.375,20.125
medqa,253,B,0.6,1,0,0,0,0.2578944265842438,1.0659105777740479,17.5,19.25,18.625,16.875
medqa,254,D,0.6,0,0,0,0,0.3140685558319092,1.1630113124847412,21.75,20.5,19.875,20.875
medqa,255,B,0.6,1,0,0,0,0.31399089097976685,1.1159354448318481,21.75,20.875,19.125,20.75
medqa,256,A,0.6,1,0,0,0,0.44502583146095276,0.7428253889083862,23.75,20.375,19.75,22.75
medqa,257,B,0.6,1,0,0,0,0.7148730158805847,0.7182444334030151,18.875,16.625,16.125,16.375
medqa,258,A,0.6,1,0,0,0,0.7511735558509827,0.44171395897865295,23.375,18.25,21.375,18.75
medqa,259,D,0.6,0,0,0,0,0.7264423370361328,0.5634724497795105,22.75,18.625,19.5,20.75
medqa,260,D,0.6,0,0,0,0,0.33415156602859497,0.8747332692146301,19.875,16.5,17.25,19.125
medqa,261,A,0.6,1,0,0,0,0.49009454250335693,0.9052270650863647,23.0,20.75,20.25,21.75
medqa,262,B,0.6,0,0,0,0,0.5064805746078491,0.8379199504852295,22.0,19.375,19.0,20.75
medqa,263,D,0.6,0,0,0,0,0.0,1.384891152381897,21.625,21.625,21.625,21.5
medqa,264,B,0.6,0,0,0,0,0.0,1.0736486911773682,21.25,21.25,17.375,20.375
medqa,265,D,0.6,0,0,0,0,0.5135989189147949,0.8037872910499573,23.0,21.75,19.75,20.25
medqa,266,A,0.6,0,0,0,0,0.5994479656219482,0.807679295539856,22.125,19.75,19.125,20.5
medqa,267,C,0.6,0,0,0,0,0.44367873668670654,0.754177987575531,23.25,19.75,19.625,22.25
medqa,268,A,0.6,1,0,0,0,0.782642662525177,0.5589964389801025,21.75,17.75,19.125,19.25
medqa,269,C,0.6,1,0,0,0,0.05015549063682556,1.1810938119888306,20.5,19.375,20.625,18.875
medqa,270,A,0.6,1,0,0,0,0.5378322005271912,0.8424150347709656,20.375,19.0,17.75,17.625
medqa,271,C,0.6,1,0,0,0,0.7241884469985962,0.4662322700023651,20.75,17.25,22.625,18.125
medqa,272,D,0.6,0,0,0,0,0.30698925256729126,1.0435421466827393,21.125,20.375,18.75,19.25
medqa,273,A,0.6,1,0,0,0,0.17468616366386414,0.8858237266540527,22.125,18.25,21.75,19.625
medqa,274,C,0.6,0,0,0,0,0.9365147948265076,0.1932622492313385,23.875,18.75,18.875,20.25
medqa,275,A,0.6,1,0,0,0,0.7337796688079834,0.6398475170135498,21.375,17.5,19.125,19.0
medqa,276,C,0.6,0,0,0,0,0.380546510219574,1.064805269241333,18.625,17.625,16.5,16.875
medqa,277,C,0.6,1,0,0,0,0.1778392493724823,0.8310909271240234,19.875,14.9375,19.5,17.125
medqa,278,B,0.6,0,0,0,0,0.9343708753585815,0.23496530950069427,23.625,19.125,19.75,19.5
medqa,279,C,0.6,0,0,0,0,0.0612330436706543,0.7832337617874146,21.625,17.125,21.75,18.125
medqa,280,A,0.6,1,0,0,0,0.8907338976860046,0.31191399693489075,22.125,19.0,17.375,18.25
medqa,281,A,0.6,1,0,0,0,0.8085954785346985,0.5458797216415405,22.375,19.375,19.625,19.25
medqa,282,A,0.6,1,0,0,0,0.7295368909835815,0.6674726009368896,23.375,20.125,20.875,21.125
medqa,283,A,0.6,0,0,0,0,0.08846879005432129,1.1435538530349731,21.375,18.25,21.625,21.25
medqa,284,D,0.6,0,0,0,0,0.7637349367141724,0.5450469851493835,23.375,19.25,20.375,21.125
medqa,285,C,0.6,1,0,0,0,0.404325932264328,0.6921303272247314,21.375,16.875,22.25,18.375
medqa,287,B,0.6,0,0,0,0,0.596407949924469,0.802141547203064,23.375,19.875,21.75,21.25
medqa,288,B,0.6,0,0,0,0,0.8327207565307617,0.36730068922042847,23.25,18.875,18.375,20.75
medqa,289,C,0.6,0,0,0,0,0.5156780481338501,0.7594395279884338,21.75,23.0,17.5,20.625
medqa,290,C,0.6,1,0,0,0,0.505633533000946,0.9579805135726929,22.0,19.875,20.625,19.75
medqa,291,A,0.6,0,0,0,0,0.11249604821205139,1.0001381635665894,22.625,20.125,20.375,22.375
medqa,292,A,0.6,1,0,0,0,0.8651174902915955,0.35303831100463867,22.375,19.5,16.875,18.875
medqa,293,A,0.6,0,0,0,0,0.1632409393787384,1.041207194328308,21.625,19.625,22.0,20.0
medqa,294,D,0.6,0,0,0,0,0.0,1.1420297622680664,20.375,20.375,19.0,18.5
medqa,295,B,0.6,0,0,0,0,0.4795469641685486,1.0130984783172607,20.625,20.5,22.0,19.5
medqa,296,B,0.6,0,0,0,0,0.7829384207725525,0.5299401879310608,22.125,18.875,18.5,19.75
medqa,297,C,0.6,0,0,0,0,0.15210559964179993,1.0905064344406128,20.125,17.375,19.375,20.5
medqa,298,B,0.6,0,0,0,0,0.7915561199188232,0.5424051284790039,22.5,19.25,19.25,20.0
medqa,299,C,0.6,0,0,0,0,0.6903795003890991,0.6354373693466187,23.375,20.0,20.125,21.5
medqa,300,C,0.6,1,0,0,0,0.06046375632286072,0.8303190469741821,23.375,19.875,23.5,20.125
medqa,301,A,0.6,0,0,0,0,0.2881932556629181,1.1289260387420654,21.125,20.375,21.875,19.875
medqa,302,C,0.6,1,0,0,0,0.4451417922973633,1.053189754486084,21.125,19.0,19.5,19.875
medqa,303,C,0.6,0,0,0,0,0.5507315397262573,0.8948888182640076,22.125,19.625,19.875,20.625
medqa,304,B,0.6,0,0,0,0,0.6069575548171997,0.8567734956741333,22.5,20.25,20.0,20.75
medqa,305,C,0.6,0,0,0,0,0.17092296481132507,1.2648169994354248,20.625,21.625,21.375,22.125
medqa,306,D,0.6,0,0,0,0,0.40312260389328003,1.1564093828201294,23.5,22.25,21.875,22.25
medqa,308,A,0.6,1,0,0,0,0.6986346244812012,0.7652276754379272,22.125,19.875,19.625,19.75
medqa,309,C,0.6,0,0,0,0,0.7917520403862,0.5653943419456482,21.75,18.125,19.125,19.125
medqa,310,C,0.6,0,0,0,0,0.4704277217388153,0.9601048231124878,21.375,18.5,20.125,19.625
medqa,311,A,0.6,0,0,0,0,0.4636971354484558,0.8649682998657227,21.75,18.5,19.375,20.625
medqa,312,C,0.6,0,0,0,0,0.7125425934791565,0.6820676326751709,22.5,20.375,19.875,19.375
medqa,313,B,0.6,1,0,0,0,0.8784573674201965,0.33137792348861694,20.0,23.0,17.75,19.375
medqa,314,A,0.6,1,0,0,0,0.48327159881591797,1.02142333984375,22.5,20.375,21.125,20.75
medqa,315,B,0.6,0,0,0,0,0.5392868518829346,0.9277117252349854,22.25,20.25,19.75,20.75
medqa,316,C,0.6,0,0,0,0,0.2336406409740448,0.8509526252746582,22.25,19.0,19.0,21.75
medqa,317,B,0.6,0,0,0,0,0.17067787051200867,0.953744649887085,21.875,19.25,19.25,21.5
medqa,318,B,0.6,0,0,0,0,0.9109656810760498,0.3077567517757416,22.875,19.125,18.875,19.25
medqa,319,C,0.6,1,0,0,0,0.6839667558670044,0.7272545695304871,19.75,19.125,21.75,18.875
medqa,320,B,0.6,1,0,0,0,0.2726568579673767,0.9660581350326538,20.25,19.625,17.25,18.125
medqa,321,C,0.6,0,0,0,0,0.6867594718933105,0.6918811798095703,22.375,18.375,20.125,20.375
medqa,322,B,0.6,1,0,0,0,0.4030603766441345,0.9400694370269775,21.375,20.375,17.75,19.625
medqa,323,D,0.6,0,0,0,0,0.26909971237182617,0.990747332572937,19.875,17.875,17.0,19.25
medqa,324,C,0.6,1,0,0,0,0.5281573534011841,0.8749289512634277,21.0,21.625,23.875,22.5
medqa,325,B,0.6,0,0,0,0,0.4942864775657654,0.9902662038803101,20.25,18.375,18.0,18.875
medqa,326,B,0.6,0,0,0,0,0.7155879735946655,0.6131064891815186,23.375,20.125,20.0,21.375
medqa,327,A,0.6,1,0,0,0,0.5209629535675049,0.7649523019790649,21.25,18.375,17.625,20.0
medqa,328,B,0.6,0,0,0,0,0.6781935691833496,0.7317938208580017,22.375,19.0,20.125,20.375
medqa,329,B,0.6,0,0,0,0,0.7928429245948792,0.4903014302253723,20.25,18.75,22.625,19.125
medqa,330,B,0.6,0,0,0,0,0.5799670815467834,0.7866270542144775,23.5,22.0,20.375,20.875
medqa,331,A,0.6,0,0,0,0,0.2961777448654175,1.0989478826522827,22.0,21.25,20.25,20.0
medqa,332,A,0.6,1,0,0,0,0.6980431079864502,0.6002777814865112,22.5,18.625,19.25,20.625
medqa,333,C,0.6,0,0,0,0,0.51230788230896,0.8121036291122437,20.25,21.5,18.5,18.625
medqa,334,D,0.6,1,0,0,0,0.11943122744560242,0.849707841873169,18.875,18.125,21.625,21.875
medqa,335,D,0.6,0,0,0,0,0.7134463787078857,0.5276565551757812,20.75,18.25,22.625,18.75
medqa,336,A,0.6,1,0,0,0,0.2697662115097046,0.9948849678039551,20.5,18.25,19.875,18.0
medqa,337,B,0.6,0,0,0,0,0.6000555753707886,0.8580098748207092,23.0,21.125,20.0,21.25
medqa,338,B,0.6,0,0,0,0,0.6417344808578491,0.7414491772651672,22.125,19.125,19.375,20.375
medqa,339,A,0.6,0,0,0,0,0.09245240688323975,1.2399388551712036,20.75,20.125,21.0,19.375
medqa,340,C,0.6,1,0,0,0,0.5306564569473267,0.9221354722976685,21.75,20.25,18.625,20.125
medqa,341,B,0.6,0,0,0,0,0.4313938617706299,0.9736086130142212,21.5,18.375,20.375,19.875
medqa,342,D,0.6,0,0,0,0,0.588495135307312,0.8880354762077332,21.75,20.0,18.875,20.0
medqa,344,D,0.6,0,0,0,0,0.2899220883846283,1.127651572227478,21.375,19.625,19.625,20.625
medqa,345,A,0.6,1,0,0,0,0.6724138259887695,0.612924337387085,23.25,19.875,19.375,21.5
medqa,346,D,0.6,0,0,0,0,0.6919907331466675,0.5082899332046509,22.25,17.125,18.0,20.5
medqa,347,A,0.6,0,0,0,0,0.038173168897628784,1.341918706893921,21.125,20.875,20.25,21.0
medqa,348,C,0.6,0,0,0,0,0.7115813493728638,0.5347621440887451,22.375,18.75,17.75,20.5
medqa,349,B,0.6,0,0,0,0,0.8504934310913086,0.4182892441749573,19.25,18.25,19.625,22.5
medqa,350,C,0.6,1,0,0,0,0.11922964453697205,0.8555370569229126,22.25,18.875,22.5,19.5
medqa,351,B,0.6,0,0,0,0,0.4814256727695465,0.7790371179580688,22.125,21.0,18.75,19.0
medqa,352,B,0.6,0,0,0,0,0.8384275436401367,0.4366873502731323,24.0,20.0,20.625,21.25
medqa,353,A,0.6,0,0,0,0,0.230219304561615,1.2040834426879883,20.25,19.25,20.875,19.625
medqa,354,D,0.6,0,0,0,0,0.0,1.1501704454421997,18.875,16.625,17.875,18.875
medqa,355,A,0.6,1,0,0,0,0.2809094786643982,1.1447700262069702,22.875,21.625,20.75,22.125
medqa,356,C,0.6,0,0,0,0,0.18362176418304443,1.1510237455368042,21.5,18.75,20.75,21.0
medqa,357,A,0.6,1,0,0,0,0.8852084875106812,0.33677518367767334,22.625,18.875,18.25,19.5
medqa,358,B,0.6,0,0,0,0,0.7553368806838989,0.5189560055732727,23.125,19.625,19.0,21.0
medqa,359,C,0.6,0,0,0,0,0.7896614670753479,0.4348302483558655,23.875,20.0,18.875,21.625
medqa,360,B,0.6,1,0,0,0,0.5507315397262573,0.8948888182640076,22.125,20.625,19.625,19.875
medqa,361,B,0.6,0,0,0,0,0.427103728055954,0.823614239692688,21.625,20.625,16.625,19.375
medqa,362,C,0.6,0,0,0,0,0.45753830671310425,0.9843789935112,20.75,19.0,22.0,20.5
medqa,363,C,0.6,0,0,0,0,0.8998484015464783,0.2703447937965393,23.5,19.125,18.375,20.375
medqa,364,C,0.6,0,0,0,0,0.8262622356414795,0.4844844341278076,22.5,19.25,19.0,19.75
medqa,365,D,0.6,0,0,0,0,0.5799989700317383,0.7815533876419067,21.75,18.375,19.25,20.25
medqa,366,B,0.6,0,0,0,0,0.16418948769569397,1.022859811782837,19.125,16.75,19.5,17.625
medqa,367,B,0.6,0,0,0,0,0.10573810338973999,1.0485424995422363,23.0,22.75,19.375,21.75
medqa,368,C,0.6,0,0,0,0,0.6465680599212646,0.7573168873786926,22.375,18.5,20.375,20.5
medqa,369,B,0.6,0,0,0,0,0.4879087209701538,0.9094147682189941,22.625,19.75,20.5,21.375
medqa,370,C,0.6,0,0,0,0,0.8150662183761597,0.38723304867744446,22.0,17.5,17.25,19.625
medqa,371,C,0.6,0,0,0,0,0.6256895661354065,0.7076213955879211,22.625,19.75,19.125,21.0
medqa,372,A,0.6,0,0,0,0,0.2758600115776062,1.125486135482788,19.625,20.625,19.875,18.0
medqa,373,A,0.6,1,0,0,0,0.597754955291748,0.6972642540931702,21.75,19.0,17.375,20.25
medqa,374,D,0.6,1,0,0,0,0.1674218475818634,0.9436007738113403,22.5,17.875,22.875,21.125
medqa,375,D,0.6,1,0,0,0,0.4174328148365021,1.051693320274353,22.0,20.25,19.875,20.875
medqa,376,A,0.6,0,0,0,0,0.7310560345649719,0.5379875302314758,19.625,16.875,21.625,18.375
medqa,377,A,0.6,1,0,0,0,0.0,1.1289715766906738,21.5,17.5,21.5,21.5
medqa,378,B,0.6,0,0,0,0,0.5654840469360352,0.7165281176567078,23.125,21.75,19.75,19.75
medqa,379,A,0.6,1,0,0,0,0.3922889232635498,1.126441478729248,20.625,18.875,19.125,19.5
medqa,380,A,0.6,1,0,0,0,0.23773956298828125,0.7951905131340027,21.125,17.125,17.625,20.625
medqa,381,C,0.6,0,0,0,0,0.5136229991912842,0.7994632720947266,21.25,17.75,18.625,20.0
medqa,382,C,0.6,0,0,0,0,0.4785095751285553,0.7810187935829163,20.875,16.625,19.75,18.25
medqa,383,A,0.6,1,0,0,0,0.6748085618019104,0.7565057873725891,23.25,20.75,20.5,21.25
medqa,384,C,0.6,0,0,0,0,0.789361298084259,0.5749231576919556,22.625,19.125,20.0,20.0
medqa,385,C,0.6,1,0,0,0,0.5007806420326233,0.6430913209915161,21.0,16.375,22.125,18.25
medqa,386,A,0.6,1,0,0,0,0.8332073092460632,0.45664650201797485,23.375,20.125,20.625,19.5
medqa,387,A,0.6,1,0,0,0,0.752740740776062,0.5295159220695496,22.75,18.625,19.375,20.625
medqa,388,B,0.6,0,0,0,0,0.5817524194717407,0.8390668630599976,19.125,18.875,20.75,17.25
medqa,389,C,0.6,1,0,0,0,0.057472676038742065,0.929851770401001,22.375,20.5,17.625,22.25
medqa,390,D,0.6,1,0,0,0,0.818884015083313,0.4281851649284363,20.125,17.875,19.125,22.625
medqa,391,B,0.6,0,0,0,0,0.05783110857009888,0.9475225806236267,22.375,19.375,22.5,20.25
medqa,392,B,0.6,0,0,0,0,0.22263368964195251,1.2006096839904785,20.0,18.0,19.125,19.375
medqa,393,B,0.6,0,0,0,0,0.30807703733444214,1.1912683248519897,20.5,19.625,19.0,19.125
medqa,394,D,0.6,0,0,0,0,0.5885453224182129,0.8004624843597412,22.375,20.5,18.125,20.75
medqa,395,C,0.6,0,0,0,0,0.7252792119979858,0.5725067853927612,23.25,19.625,19.75,21.25
medqa,396,C,0.6,0,0,0,0,0.7184954285621643,0.5950866341590881,23.375,19.375,20.375,21.375
medqa,397,D,0.6,0,0,0,0,0.32660526037216187,1.0994826555252075,20.5,18.875,21.375,20.125
medqa,398,C,0.6,0,0,0,0,0.12962126731872559,1.2784501314163208,20.5,19.5,20.875,20.125
medqa,399,A,0.6,1,0,0,0,0.7155210375785828,0.7172219753265381,23.5,20.875,21.25,20.875
medqa,400,B,0.6,0,0,0,0,0.6647229790687561,0.7870641350746155,22.0,19.625,20.0,19.375
medqa,401,A,0.6,1,0,0,0,0.6534488797187805,0.6947300434112549,22.375,19.5,19.0,20.625
medqa,402,C,0.6,1,0,0,0,0.5757646560668945,0.7829906940460205,20.0,18.375,22.25,20.75
medqa,403,C,0.6,0,0,0,0,0.05243420600891113,1.1262671947479248,22.125,20.75,20.25,22.25
medqa,404,D,0.6,1,0,0,0,0.6828992366790771,0.5602842569351196,20.875,18.875,18.25,22.625
medqa,405,A,0.6,0,0,0,0,0.626029908657074,0.7965831756591797,22.5,20.0,19.75,20.75
medqa,406,C,0.6,0,0,0,0,0.5811218023300171,0.7839059829711914,22.75,19.75,20.0,21.25
medqa,407,C,0.6,0,0,0,0,0.26452726125717163,1.1698338985443115,21.0,20.25,18.75,20.125
medqa,408,D,0.6,0,0,0,0,0.2985617518424988,1.1728901863098145,21.0,21.875,19.75,21.0
medqa,409,A,0.6,1,0,0,0,0.8250864744186401,0.487334668636322,24.25,20.625,21.125,21.5
medqa,410,C,0.6,1,0,0,0,0.7200872302055359,0.6962262988090515,19.0,18.125,21.25,18.875
medqa,411,D,0.6,1,0,0,0,0.49167323112487793,0.992729902267456,21.75,20.375,19.375,20.0
medqa,412,C,0.6,0,0,0,0,0.8539266586303711,0.40170079469680786,24.25,19.625,21.375,21.0
medqa,413,C,0.6,1,0,0,0,0.2640419602394104,1.0343657732009888,21.375,20.75,19.25,19.125
medqa,414,B,0.6,0,0,0,0,0.5261713266372681,0.9429113268852234,20.5,17.625,19.0,18.875
medqa,415,C,0.6,0,0,0,0,0.4942864775657654,0.9902662038803101,23.75,21.875,21.5,22.375
medqa,416,C,0.6,0,0,0,0,0.10503637790679932,1.1181527376174927,22.125,20.375,20.25,21.875
medqa,417,A,0.6,1,0,0,0,0.20462548732757568,1.109931230545044,22.25,21.75,20.125,20.625
medqa,418,B,0.6,0,0,0,0,0.058141112327575684,0.9399702548980713,21.5,18.75,21.625,19.125
medqa,419,D,0.6,0,0,0,0,0.5138638019561768,1.0039311647415161,21.875,19.875,20.0,20.375
medqa,420,A,0.6,0,0,0,0,0.4803449511528015,0.9848086833953857,20.375,18.75,20.375,21.75
medqa,421,C,0.6,0,0,0,0,0.12783735990524292,1.2911163568496704,20.375,21.125,20.75,19.875
medqa,422,A,0.6,1,0,0,0,0.485650897026062,0.7477356791496277,21.25,17.125,20.125,18.25
medqa,423,B,0.6,0,0,0,0,0.6096256375312805,0.890285849571228,21.25,18.75,19.375,19.375
medqa,424,A,0.6,0,0,0,0,0.43883275985717773,0.7792396545410156,21.125,17.0,20.125,18.25
medqa,425,C,0.6,1,0,0,0,0.6012427806854248,0.8307594060897827,19.625,17.75,21.375,19.625
medqa,426,B,0.6,0,0,0,0,0.09554648399353027,1.1907322406768799,22.875,21.0,22.25,23.125
medqa,427,A,0.6,1,0,0,0,0.2827329635620117,1.1566623449325562,21.125,19.5,19.5,20.375
medqa,428,B,0.6,0,0,0,0,0.22588473558425903,1.1288423538208008,20.5,21.25,18.25,20.625
medqa,429,A,0.6,0,0,0,0,0.05616062879562378,1.005924105644226,20.125,18.375,20.25,17.375
medqa,430,C,0.6,0,0,0,0,0.3424481749534607,1.1658940315246582,21.0,19.125,19.875,20.0
medqa,431,B,0.6,0,0,0,0,0.7288832664489746,0.5558821558952332,21.625,18.125,17.75,19.625
medqa,432,A,0.6,1,0,0,0,0.31940820813179016,1.2340118885040283,21.125,19.875,20.125,20.0
medqa,433,A,0.6,1,0,0,0,0.9432211518287659,0.19447188079357147,23.0,18.375,18.125,19.125
medqa,434,C,0.6,0,0,0,0,0.26035186648368835,1.0084714889526367,21.0,21.625,18.0,20.125
medqa,435,A,0.6,1,0,0,0,0.873660683631897,0.3820609152317047,23.125,19.0,19.75,20.0
medqa,436,A,0.6,0,0,0,0,0.5745878219604492,0.789794385433197,19.375,20.875,17.125,18.625
medqa,437,D,0.6,0,0,0,0,0.9460145831108093,0.18072281777858734,24.5,19.625,19.5,20.625
medqa,438,C,0.6,1,0,0,0,0.37225714325904846,0.9111713767051697,21.25,18.625,22.125,20.0
medqa,439,A,0.6,0,0,0,0,0.20686042308807373,1.0783275365829468,22.125,21.125,20.0,22.625
medqa,440,D,0.6,1,0,0,0,0.30807703733444214,1.1912684440612793,22.875,21.5,22.0,21.375
medqa,441,A,0.6,1,0,0,0,0.41435733437538147,1.043845534324646,21.125,18.625,20.0,19.625
medqa,442,D,0.6,0,0,0,0,0.37951725721359253,0.8735558390617371,19.0,17.75,21.375,20.5
medqa,443,C,0.6,0,0,0,0,0.3694882392883301,1.0561374425888062,21.625,20.625,18.75,20.375
medqa,444,C,0.6,1,0,0,0,0.565904438495636,0.711961567401886,20.75,19.0,22.125,18.375
medqa,445,B,0.6,0,0,0,0,0.7242802977561951,0.6227919459342957,23.625,21.5,19.375,21.125
medqa,446,A,0.6,1,0,0,0,0.4270618259906769,0.8507382869720459,22.0,21.0,18.5,19.5
medqa,447,A,0.6,1,0,0,0,0.6283256411552429,0.5362823605537415,23.375,18.625,18.0,21.875
medqa,448,A,0.6,1,0,0,0,0.31786301732063293,0.9630035161972046,19.125,18.0,16.5,19.875
medqa,449,D,0.6,0,0,0,0,0.12609416246414185,1.211726188659668,20.5,20.5,20.875,18.625
medqa,450,B,0.6,0,0,0,0,0.9037001729011536,0.30544453859329224,21.625,17.625,17.5,18.25
medqa,451,A,0.6,1,0,0,0,0.22381272912025452,0.9285846948623657,21.75,19.75,17.625,21.25
medqa,452,B,0.6,0,0,0,0,0.7711939215660095,0.5700745582580566,23.0,19.375,20.125,20.625
medqa,453,A,0.6,1,0,0,0,0.8704609274864197,0.37239158153533936,23.25,19.5,19.25,20.25
medqa,454,A,0.6,1,0,0,0,0.046282678842544556,1.1534302234649658,21.125,21.0,18.125,20.625
medqa,455,A,0.6,0,0,0,0,0.10181203484535217,1.1601084470748901,22.125,20.75,22.375,20.75
medqa,456,A,0.6,0,0,0,0,0.1580222249031067,1.0521435737609863,21.75,18.875,22.125,20.75
medqa,457,C,0.6,0,0,0,0,0.16899186372756958,0.9346022605895996,22.5,20.625,17.875,22.125
medqa,458,A,0.6,1,0,0,0,0.7935792803764343,0.41698789596557617,23.875,19.0,19.625,21.625
medqa,459,C,0.6,0,0,0,0,0.48973971605300903,1.0051103830337524,21.5,19.375,20.125,19.625
medqa,460,D,0.6,0,0,0,0,0.438571572303772,0.9242610931396484,20.0,17.125,21.125,19.5
medqa,461,A,0.6,0,0,0,0,0.08796742558479309,1.2921264171600342,20.75,21.0,20.0,20.0
medqa,462,C,0.6,0,0,0,0,0.8303267955780029,0.4950326085090637,22.5,19.0,19.5,19.625
medqa,463,D,0.6,0,0,0,0,0.0,1.26227605342865,19.75,21.375,21.375,21.375
medqa,464,A,0.6,1,0,0,0,0.3783605694770813,1.1550151109695435,21.375,20.125,19.625,20.25
medqa,465,B,0.6,0,0,0,0,0.45260167121887207,1.0254528522491455,21.5,20.25,19.875,19.125
medqa,466,A,0.6,1,0,0,0,0.7908985614776611,0.5768987536430359,23.75,20.625,20.875,21.125
medqa,467,A,0.6,1,0,0,0,0.48724573850631714,0.9177795648574829,22.625,20.375,20.0,21.375
medqa,468,C,0.6,0,0,0,0,0.5923507809638977,0.8050746321678162,21.25,22.875,19.125,20.875
medqa,469,B,0.6,0,0,0,0,0.48769861459732056,1.00680410861969,21.375,20.0,19.125,19.625
medqa,470,C,0.6,0,0,0,0,0.4067826569080353,0.6686855554580688,21.875,21.0,16.375,17.5
medqa,471,A,0.6,0,0,0,0,0.22904610633850098,0.8888596296310425,22.25,19.875,18.25,21.75
medqa,472,A,0.6,1,0,0,0,0.6377747654914856,0.6547073125839233,23.5,20.25,19.75,21.875
medqa,473,C,0.6,0,0,0,0,0.0,1.1158424615859985,21.875,21.875,18.125,21.375
medqa,474,A,0.6,1,0,0,0,0.8020936846733093,0.447902649641037,22.5,20.125,18.0,18.875
medqa,475,C,0.6,0,0,0,0,0.7661536931991577,0.5384255647659302,24.125,21.0,20.125,21.875
medqa,476,A,0.6,1,0,0,0,0.5473213791847229,0.7936605215072632,22.5,19.0,21.125,20.0
medqa,477,A,0.6,1,0,0,0,0.5853365659713745,0.860080361366272,21.375,18.875,19.75,19.0
medqa,478,D,0.6,0,0,0,0,0.8848615288734436,0.3090208172798157,23.5,19.25,18.875,20.5
medqa,479,A,0.6,1,0,0,0,0.8561630249023438,0.3611707389354706,23.875,20.0,19.125,21.125
medqa,480,A,0.6,1,0,0,0,0.045341163873672485,1.2412500381469727,21.75,21.125,20.0,21.625
medqa,481,D,0.6,0,0,0,0,0.8134329319000244,0.45544111728668213,22.625,19.125,18.5,20.125
medqa,482,C,0.6,0,0,0,0,0.19031861424446106,1.1577845811843872,21.625,22.125,21.125,19.75
medqa,483,B,0.6,0,0,0,0,0.5253676176071167,0.8870023488998413,21.5,18.75,19.25,20.125
medqa,484,C,0.6,0,0,0,0,0.3955526053905487,0.9907888174057007,22.125,21.125,19.25,20.375
medqa,485,D,0.6,0,0,0,0,0.04826197028160095,1.1961171627044678,21.125,21.25,19.25,20.375
medqa,486,A,0.6,0,0,0,0,0.5728870630264282,0.6710068583488464,21.125,18.125,22.5,19.25
medqa,487,C,0.6,0,0,0,0,0.738467276096344,0.59135901927948,21.0,17.625,18.875,17.75
medqa,488,A,0.6,0,0,0,0,0.4397389590740204,1.128677248954773,21.25,19.75,19.75,19.875
medqa,489,B,0.6,0,0,0,0,0.49210822582244873,0.8882314562797546,22.75,21.5,19.625,20.625
medqa,490,A,0.6,1,0,0,0,0.8565758466720581,0.42448189854621887,24.625,20.75,21.375,21.625
medqa,491,B,0.6,0,0,0,0,0.7011997103691101,0.7212839722633362,19.25,17.125,16.625,16.5
medqa,492,B,0.6,1,0,0,0,0.5430974364280701,1.0192641019821167,20.125,18.375,18.375,18.375
medqa,493,D,0.6,0,0,0,0,0.8384275436401367,0.43668732047080994,22.625,19.875,18.625,19.25
medqa,494,B,0.6,0,0,0,0,0.3813556432723999,1.1557273864746094,18.0,18.375,19.5,18.0
medqa,495,A,0.6,1,0,0,0,0.7148730158805847,0.7182444334030151,22.75,20.25,20.0,20.5
medqa,496,D,0.6,0,0,0,0,0.29681602120399475,1.2172329425811768,20.625,19.5,19.75,19.125
medqa,497,C,0.6,0,0,0,0,0.9179967641830444,0.23905080556869507,22.5,18.125,17.25,19.125
medqa,498,C,0.6,0,0,0,0,0.21443870663642883,1.040165662765503,21.625,19.25,21.125,19.625
medqa,499,C,0.6,1,0,0,0,0.11756521463394165,0.8959652185440063,19.625,17.125,19.875,16.625
